time_s,center_volume_m3,LEFT_r_n_m,LEFT_gamma_J_per_m2,LEFT_theta_negative_rad,LEFT_kappa1_negative_per_m,LEFT_L_f_negative_m,LEFT_delta_phi_f_negative_rad,LEFT_delta_phi_f_continuous_negative_rad,LEFT_theta_positive_rad,LEFT_kappa1_positive_per_m,LEFT_L_f_positive_m,LEFT_delta_phi_f_positive_rad,LEFT_delta_phi_f_continuous_positive_rad,LEFT_sigma_local_negative_Pa,LEFT_sigma_integral_negative_Pa,LEFT_sigma_integral_continuous_negative_Pa,LEFT_contact_negative_per_m,LEFT_line_3D_negative_per_m,LEFT_sigma_local_positive_Pa,LEFT_sigma_integral_positive_Pa,LEFT_sigma_integral_continuous_positive_Pa,LEFT_contact_positive_per_m,LEFT_line_3D_positive_per_m,LEFT_sigma_local_Pa,LEFT_sigma_integral_Pa,LEFT_sigma_integral_continuous_Pa,LEFT_G_fit_eV,LEFT_G_root_eV,LEFT_root_rate_per_s,LEFT_root_rate_per_model_time,LEFT_constant_state_mean_wait_s,LEFT_barrier_reduction_from_zero_eV,LEFT_z_TJ_m,LEFT_mu_GB_Pa,LEFT_mu_TJ_negative_Pa,LEFT_mu_TJ_positive_Pa,LEFT_transport_affinity_Pa,LEFT_one_b_transport_work_J,LEFT_work_is_transport_diagnostic_not_root_barrier,RIGHT_r_n_m,RIGHT_gamma_J_per_m2,RIGHT_theta_positive_rad,RIGHT_kappa1_positive_per_m,RIGHT_L_f_positive_m,RIGHT_delta_phi_f_positive_rad,RIGHT_delta_phi_f_continuous_positive_rad,RIGHT_theta_negative_rad,RIGHT_kappa1_negative_per_m,RIGHT_L_f_negative_m,RIGHT_delta_phi_f_negative_rad,RIGHT_delta_phi_f_continuous_negative_rad,RIGHT_sigma_local_positive_Pa,RIGHT_sigma_integral_positive_Pa,RIGHT_sigma_integral_continuous_positive_Pa,RIGHT_contact_positive_per_m,RIGHT_line_3D_positive_per_m,RIGHT_sigma_local_negative_Pa,RIGHT_sigma_integral_negative_Pa,RIGHT_sigma_integral_continuous_negative_Pa,RIGHT_contact_negative_per_m,RIGHT_line_3D_negative_per_m,RIGHT_sigma_local_Pa,RIGHT_sigma_integral_Pa,RIGHT_sigma_integral_continuous_Pa,RIGHT_G_fit_eV,RIGHT_G_root_eV,RIGHT_root_rate_per_s,RIGHT_root_rate_per_model_time,RIGHT_constant_state_mean_wait_s,RIGHT_barrier_reduction_from_zero_eV,RIGHT_z_TJ_m,RIGHT_mu_GB_Pa,RIGHT_mu_TJ_negative_Pa,RIGHT_mu_TJ_positive_Pa,RIGHT_transport_affinity_Pa,RIGHT_one_b_transport_work_J,RIGHT_work_is_transport_diagnostic_not_root_barrier,LEFT_hazard_sparse_quadrature,RIGHT_hazard_sparse_quadrature,cluster_area_weighted_local_stress_diagnostic_Pa,center_two_contact_local_stress_diagnostic_Pa
0.0,1.4381714893867825e-21,1.150289467011356e-07,1.0,2.8115154849187944,7148416.358029198,1.9758358910653636e-07,1.4920276007021092,1.6570211246043762,2.8117873636141852,8736800.624286765,3.417946986912842e-08,9.012086646472162e-05,-0.16485758455457167,18577595.537252285,18174637.778387528,17339580.956875376,8575337.29842716,17150674.59685432,16989793.500467617,25723957.428901292,30549886.73829706,8575531.374918127,17151062.749836255,17783694.518859953,21949297.60364441,23944733.84758622,5.09480300617906,6.075153734458075,0.053899371368761356,0.0008397491428002687,23.191365098637622,0.26984859853657284,-1.7011870189681142e-08,163485946.48813722,25590071.803387884,28070092.9903176,136655864.09128448,1.420144185730431e-15,True,1.150289467011356e-07,1.0,2.8115154849187944,7148416.358029198,1.975835891065363e-07,1.4920276007021092,1.6570211246043762,2.8117873636141857,8736800.624286957,3.4179469869128416e-08,9.012086646472162e-05,-0.1648575845545715,18577595.537252285,18174637.778387524,17339580.956875373,8575337.29842716,17150674.59685432,16989793.500467427,25723957.428901292,30549886.738297056,8575531.374918127,17151062.749836255,17783694.518859856,21949297.60364441,23944733.847586215,5.094803006179061,6.075153734458076,0.053899371368760975,0.0008397491428002627,23.191365098637785,0.26984859853657195,1.7011870189681142e-08,163485946.48813722,28070092.990327053,25590071.803388663,136655864.09127936,1.4201441857303778e-15,True,0.0,0.0,17783694.518859904,16989793.500467524
1.7391295245039693e-05,1.4381709448961412e-21,1.1505209821420313e-07,1.0,2.8224159046163604,6371659.3397985315,1.9758039452789838e-07,1.4926925213660889,1.6515707523028127,2.8224605543468244,7975703.637373571,3.417328963968882e-08,0.0014202870999844462,-0.1588559060714921,19372141.803362966,18188939.614856772,17384820.20150936,8581267.0477205,17162534.095441,17768190.00577105,25702332.32098455,30392433.708980042,8581297.881048206,17162595.762096412,18570165.904567007,21945635.96792066,23888626.9552447,5.089687009223624,6.0700377375026395,0.05568770039945765,0.0008676112074669898,22.446608336015505,0.27496459549200836,-1.7011870189681142e-08,163484470.8913401,26358674.489060495,28866995.090191394,135871636.10171416,1.412562826591848e-15,True,1.1505209821420313e-07,1.0,2.8224159046163604,6371659.3397985315,1.9758039452789838e-07,1.4926925213660889,1.6515707523028127,2.8224605543468244,7975703.637373571,3.417328963968883e-08,0.0014202870999844462,-0.1588559060714921,19372141.803362966,18188939.614856772,17384820.20150936,8581267.0477205,17162534.095441,17768190.00577105,25702332.32098455,30392433.708980042,8581297.881048206,17162595.762096412,18570165.904567007,21945635.96792066,23888626.9552447,5.089687009223624,6.0700377375026395,0.05568770039945765,0.0008676112074669898,22.446608336015505,0.27496459549200836,1.7011870189681142e-08,163484470.8913401,28866995.090200048,26358674.489053626,135871636.10171327,1.4125628265918388e-15,True,9.529305600802253e-07,9.529305600802221e-07,18570165.904567007,17768190.00577105
3.4782590490079386e-05,1.438170510265175e-21,1.1506073124392872e-07,1.0,2.828077959085705,5967013.542650648,1.975791186246194e-07,1.492818452890262,1.6487395688033042,2.828075279582001,7573201.706048399,3.4170821974281146e-08,0.0016724626780040186,-0.1559224556648943,19786482.767592773,18197948.62240062,17408790.75491728,8584498.77008114,17168997.54016228,18180289.15078522,25704546.682202324,30316519.975133732,8584496.952277873,17168993.904555745,18983385.959188998,21951247.65230147,23862655.365025505,5.0870505412177955,6.067401269496811,0.056630715431438876,0.0008823033280732975,22.072827271859875,0.277601063497837,-1.7011870189681142e-08,163483322.25418252,25813480.843566522,28332259.037657365,136410452.31357056,1.418377357991571e-15,True,1.1506073124392872e-07,1.0,2.8280779590857055,5967013.5426506,1.9757911862461944e-07,1.492818452890262,1.6487395688033042,2.8280752795820017,7573201.706048211,3.4170821974281146e-08,0.0016724626780040186,-0.15592245566489382,19786482.76759282,18197948.62240062,17408790.75491728,8584498.77008114,17168997.54016228,18180289.15078541,25704546.682202324,30316519.975133717,8584496.952277873,17168993.904555745,18983385.959189117,21951247.65230147,23862655.365025498,5.0870505412177955,6.067401269496811,0.056630715431438876,0.0008823033280732975,22.072827271859875,0.277601063497837,1.7011870189681142e-08,163483322.25418252,28332259.03766445,25813480.843566615,136410452.31356698,1.4183773579915342e-15,True,1.929611925665356e-06,1.929611925665353e-06,18983385.959189057,18180289.150785312
5.217388573511908e-05,1.4381701188104714e-21,1.150662635811343e-07,1.0,2.832262291085153,5668576.071436788,1.9757827867963436e-07,1.4929017444554584,1.64664725890004,2.8322520205277306,7273862.743541365,3.416920654600099e-08,0.0018393336154779343,-0.15375064972329225,20092141.292474266,18204715.993557274,17426566.110523447,8586905.787970351,17173811.575940702,18486833.994887773,25706866.58545202,30260381.257480007,8586898.912809713,17173797.825619426,19289487.64368102,21955791.289504647,23843473.68400173,5.085119468430557,6.0654701967095725,0.05733114611125362,0.0008932159982590268,21.803157354892573,0.27953213628507534,-1.7011870189681142e-08,163482237.82444286,25304424.454550914,27823215.73857079,136918417.72788203,1.4237960211132556e-15,True,1.150662635811343e-07,1.0,2.832262291085153,5668576.071436788,1.9757827867963436e-07,1.4929017444554584,1.64664725890004,2.8322520205277275,7273862.743541745,3.416920654600099e-08,0.0018393336154779343,-0.15375064972329394,20092141.292474266,18204715.993557274,17426566.110523447,8586905.787970351,17173811.575940702,18486833.99488739,25706866.585452016,30260381.25748005,8586898.912809711,17173797.825619422,19289487.643680826,21955791.289504647,23843473.68400175,5.085119468430557,6.0654701967095725,0.05733114611125362,0.0008932159982590268,21.803157354892573,0.27953213628507534,1.7011870189681142e-08,163482237.82444286,27823215.738575146,25304424.454548273,136918417.72788116,1.4237960211132467e-15,True,2.920584116047006e-06,2.920584116047003e-06,19289487.643680923,18486833.994887583
6.956518098015877e-05,1.4381697541464295e-21,1.1507037756402075e-07,1.0,2.8356315378498715,5429982.8151797755,1.9757764370264697e-07,1.4929657009874502,1.6449625026640533,2.8356336831399407,7032872.139201336,3.416799028214577e-08,0.0019675123866063145,-0.15199572903162312,20336542.815497387,18210176.273487978,17440874.651967697,8588841.876892388,17177683.753784776,18733657.75288445,25708946.394480005,30215013.04185557,8588843.297361929,17177686.594723858,19535100.28419092,21959561.33398399,23827943.84691163,5.083583155132521,6.063933883411536,0.05789442913438899,0.0009019919157478534,21.59102384615287,0.2810684495831115,-1.7011870189681142e-08,163481180.1954684,24877198.424050655,27391295.56133015,137346933.20277798,1.4283542261947506e-15,True,1.1507037756402075e-07,1.0,2.8356315378498707,5429982.815180006,1.9757764370264697e-07,1.4929657009873956,1.6449625026640542,2.8356336831399407,7032872.139201336,3.416799028214578e-08,0.0019675123866063145,-0.15199572903162312,20336542.815497156,18210176.273488253,17440874.65196769,8588841.876892388,17177683.753784776,18733657.75288445,25708946.394480005,30215013.041855566,8588843.297361929,17177686.594723858,19535100.284190804,21959561.33398413,23827943.846911628,5.083583155132523,6.063933883411538,0.057894429134388165,0.0009019919157478406,21.591023846153174,0.2810684495831097,1.7011870189681142e-08,163481180.1954684,27391295.56132756,24877198.424069602,137346933.20276982,1.4283542261946658e-15,True,3.92254511548526e-06,3.9225451154852495e-06,19535100.28419086,18733657.75288445
8.695647622519846e-05,1.4381694089631347e-21,1.1507365202954129e-07,1.0,2.8384394125150427,5233372.764846097,1.9757713200837554e-07,1.4930181018587398,1.6435584429444925,2.8384662239343803,6832973.992379135,3.416701306120352e-08,0.002072558903247075,-0.15052693537608283,20537971.70351134,18214710.32410106,17452778.31529262,8590448.156119145,17180896.31223829,18938423.24560652,25710737.59239315,30177018.973384157,8590465.745995218,17180931.491990436,19738197.474558927,21962723.958247103,23814898.644338388,5.082321449727491,6.0626721780065065,0.05836111185934652,0.0009092628060809068,21.418371929112123,0.2823301549881414,-1.7011870189681142e-08,163480136.99849138,24515596.480188087,27022252.98813955,137711212.26432756,1.432224093361177e-15,True,1.1507365202954129e-07,1.0,2.8384394125150427,5233372.764846097,1.9757713200837557e-07,1.4930181018587398,1.6435584429444925,2.8384662239343803,6832973.992379135,3.416701306120352e-08,0.002072558903247075,-0.15052693537608283,20537971.70351134,18214710.32410106,17452778.31529262,8590448.156119145,17180896.31223829,18938423.24560652,25710737.59239315,30177018.973384157,8590465.745995218,17180931.491990436,19738197.474558927,21962723.958247103,23814898.644338388,5.082321449727491,6.0626721780065065,0.05836111185934652,0.0009092628060809068,21.418371929112123,0.2823301549881414,1.7011870189681142e-08,163480136.99849138,27022252.988136977,24515596.48018869,137711212.26432854,1.4322240933611875e-15,True,4.933462334132194e-06,4.933462334132177e-06,19738197.474558927,18938423.24560652
0.00010434777147023815,1.4381690786309786e-21,1.1507638561905305e-07,1.0,2.840838676019281,5067641.365876598,1.9757670110966504e-07,1.493062951940892,1.6423586986491785,2.840897984962388,6663402.517894451,3.416619175758771e-08,0.0021624841538852423,-0.14926609223673276,20707794.641855557,18218558.382206023,17462924.008973826,8591812.002577385,17183624.00515477,19112149.29450903,25712258.713505358,30144376.213313878,8591850.604134494,17183701.20826899,19909971.968182296,21965408.54785569,23803650.11114385,5.081260359624577,6.061611087903592,0.05875649111257466,0.000915422792376624,21.274245216669918,0.28339124509105584,-1.7011870189681142e-08,163479101.856253,24203518.599514157,26701161.854844503,138026761.62907368,1.4355740718009821e-15,True,1.1507638561905306e-07,1.0,2.8408386760192776,5067641.36587675,1.9757670110966506e-07,1.493062951940892,1.6423586986491803,2.8408979849623823,6663402.517894731,3.416619175758771e-08,0.0021624841538852423,-0.14926609223679002,20707794.641855393,18218558.38220601,17462924.008973807,8591812.002577381,17183624.005154762,19112149.29450874,25712258.71350535,30144376.213315543,8591850.60413449,17183701.20826898,19909971.968182065,21965408.547855683,23803650.111144677,5.081260359624578,6.061611087903593,0.058756491112574236,0.0009154227923766174,21.27424521667007,0.28339124509105496,1.7011870189681142e-08,163479101.85625297,26701161.854846504,24203518.599515848,138026761.6290718,1.4355740718009628e-15,True,5.951875739970203e-06,5.951875739970183e-06,19909971.96818218,19112149.294508886
0.00012173906671527784,1.4381687605619336e-21,1.1507872521574452e-07,1.0,2.842913965552772,4926497.636408358,1.9757632961748402e-07,1.4931022271345675,1.6413209506934605,2.8430111814503616,6518053.566502856,3.4165484545807825e-08,0.0022412409192347537,-0.14817011561009846,20852452.92517687,18221859.942353282,17471675.323346287,8592983.52052841,17185967.04105682,19261085.49974486,25713539.50139361,30115975.42551074,8593046.355415905,17186092.71083181,20056769.212460864,21967699.721873447,23793825.374428514,5.080357878640304,6.060708606919319,0.05909488474600558,0.0009206949459544183,21.15242301212021,0.28429372607532866,-1.7011870189681142e-08,163478071.87570935,23931283.155650705,26418962.30529839,138302949.14523482,1.4385051037418882e-15,True,1.1507872521574452e-07,1.0,2.8429139655527713,4926497.6364085125,1.9757632961748408e-07,1.4931022271345675,1.6413209506934614,2.8430111814503616,6518053.566502856,3.4165484545807825e-08,0.0022412409192347537,-0.14817011561009846,20852452.925176717,18221859.942353286,17471675.323346283,8592983.52052841,17185967.04105682,19261085.49974486,25713539.50139361,30115975.42551074,8593046.355415905,17186092.71083181,20056769.212460786,21967699.721873447,23793825.37442851,5.080357878640305,6.06070860691932,0.059094884746005154,0.0009206949459544117,21.152423012120362,0.28429372607532777,1.7011870189681142e-08,163478071.87570935,26418962.305300087,23931283.15564706,138302949.14523578,1.438505103741898e-15,True,6.976669776265559e-06,6.976669776265531e-06,20056769.212460823,19261085.49974486
0.00013913036196031754,1.4381684525817843e-21,1.1508077721917456e-07,1.0,2.844735838315916,4804573.555954034,1.9757600210138543e-07,1.4931373658899503,1.6404099198548325,2.844874351218808,6391718.75735205,3.4164861352751696e-08,0.0023117073441128793,-0.1472032975134361,20977439.82147565,18224732.38171568,17479335.408406597,8594004.459143229,17188008.918286458,19390561.551263392,25714617.006246246,30090897.164793026,8594093.436205147,17188186.872410294,20184000.686369523,21969674.693980962,23785116.28659981,5.0795788671606665,6.059929595439682,0.05938856586533838,0.0009252704811035959,21.04782262017126,0.285072737554966,-1.7011870189681142e-08,163477044.83382037,23690721.12917492,26167874.117800944,138547747.21033245,1.4411026690641157e-15,True,1.1508077721917456e-07,1.0,2.8447358383159185,4804573.55595401,1.9757600210138545e-07,1.4931373658899503,1.6404099198548308,2.8448743512188126,6391718.757351768,3.416486135275169e-08,0.0023117073441128793,-0.14720329751343394,20977439.82147568,18224732.38171569,17479335.40840661,8594004.45914323,17188008.91828646,19390561.551263683,25714617.006246254,30090897.164792974,8594093.43620515,17188186.8724103,20184000.68636968,21969674.69398097,23785116.286599793,5.0795788671606665,6.059929595439682,0.05938856586533838,0.0009252704811035959,21.04782262017126,0.285072737554966,1.7011870189681142e-08,163477044.83382037,26167874.117805768,23690721.12917462,138547747.2103302,1.4411026690640923e-15,True,8.006960111882041e-06,8.006960111882009e-06,20184000.6863696,19390561.551263537
0.00015652165720535726,1.4381681532520448e-21,1.1508260492950289e-07,1.0,2.8463504984976282,4698315.95525758,1.975757092134304e-07,1.493169236974377,1.639602503513647,2.846532392364685,6280950.419325651,3.416430398413907e-08,0.0023756220135713177,-0.14634231960574123,21086391.874596946,18227254.320418373,17486104.170320284,8594902.60995151,17189805.21990302,19504106.017983895,25715521.228435565,30068542.489701577,8595018.812436515,17190037.62487303,20295248.94629042,21971387.774426967,23777323.33001093,5.0789001156854505,6.059250843964466,0.059645659945001414,0.0009292759922539761,20.957098993499457,0.285751489030182,-1.7011870189681142e-08,163476019.4969342,23476463.067599237,25942710.660179324,138766432.63304493,1.443423170504746e-15,True,1.150826049295029e-07,1.0,2.846350498497623,4698315.955257522,1.9757570921343038e-07,1.4931692369743228,1.6396025035136497,2.8465323923647317,6280950.419323015,3.416430398413907e-08,0.0023756220135713177,-0.1463423196057724,21086391.874596994,18227254.320418634,17486104.170320258,8594902.609951505,17189805.21990301,19504106.017986614,25715521.22843565,30068542.489702575,8595018.812436543,17190037.624873087,20295248.946291804,21971387.774427142,23777323.330011416,5.0789001156854425,6.059250843964458,0.059645659945004384,0.0009292759922540224,20.957098993498413,0.28575148903019,1.7011870189681142e-08,163476019.49693418,25942710.660181683,23476463.06759754,138766432.63304457,1.4434231705047425e-15,True,9.042039794548215e-06,9.042039794548208e-06,20295248.94629111,19504106.017985255
0.00017391295245039692,1.4381678614647393e-21,1.1508425277898233e-07,1.0,2.8477929996478997,4605011.140104463,1.9757544434792997e-07,1.493198459376028,1.6388811744063736,2.848019351345856,6183117.1351638455,3.41637996174073e-08,0.0024342238812022237,-0.1455695391813675,21182086.203002997,18229485.797279388,17492133.46328287,8595699.114369154,17191398.228738308,19604411.87724851,25716277.456424367,30048458.440976158,8595843.004137453,17191686.008274905,20393249.040125754,21972881.62685188,23770295.952129513,5.078304032087043,6.058654760366059,0.05987238145506283,0.0009328083004960496,20.877739779537357,0.2863475726285891,-1.7011870189681142e-08,163474995.00988936,23284407.159169994,25739450.223841455,138963066.31838363,1.4455099134665135e-15,True,1.1508425277898233e-07,1.0,2.847792999647899,4605011.140104621,1.9757544434793e-07,1.493198459376028,1.6388811744063745,2.8480193513458687,6183117.135163091,3.41637996174073e-08,0.0024342238812022237,-0.14556953918136117,21182086.203002837,18229485.79727938,17492133.463282857,8595699.114369152,17191398.228738304,19604411.87724929,25716277.45642439,30048458.440975998,8595843.00413746,17191686.00827492,20393249.040126063,21972881.626851887,23770295.952129427,5.078304032087042,6.058654760366057,0.05987238145506325,0.0009328083004960562,20.877739779537208,0.2863475726285909,1.7011870189681142e-08,163474995.00988936,25739450.22384378,23284407.159169566,138963066.31838268,1.4455099134665038e-15,True,1.008132656709691e-05,1.0081326567096933e-05,20393249.04012591,19604411.8772489
0.0002522131621370671,1.4381666218861257e-21,1.1509013375490218e-07,1.0,2.8527507295615826,4299064.441113788,1.9757449526278714e-07,1.4933070527890018,1.6364020409296824,2.8531782239414842,5857554.1068096245,3.4161984460553816e-08,0.0026519477468495128,-0.14288124095072982,21496093.865785256,18236960.823955685,17512702.422331758,8598386.102299681,17196772.204599362,19938405.479123205,25718330.96485809,29978422.730476204,8598653.195310943,17197306.390621886,20717249.67245423,21977645.894406885,23745562.576403983,5.076345393675815,6.056696121954831,0.06062368462129451,0.0009445135611290492,20.619004070909416,0.28830621103981713,-1.7011870189681142e-08,163470380.26620862,22623727.180927813,25025607.357234705,139645712.99712735,1.452759348229605e-15,True,1.1509013375490217e-07,1.0,2.8527507295615826,4299064.4411140755,1.9757449526278714e-07,1.4933070527890018,1.6364020409296824,2.853178223941477,5857554.10681039,3.4161984460553816e-08,0.0026519477468495128,-0.14288124095073326,21496093.865784965,18236960.823955685,17512702.422331758,8598386.102299681,17196772.204599362,19938405.479122426,25718330.964858077,29978422.730476294,8598653.19531094,17197306.39062188,20717249.672453694,21977645.89440688,23745562.576404028,5.076345393675819,6.056696121954834,0.060623684621293215,0.0009445135611290289,20.619004070909856,0.2883062110398136,1.7011870189681142e-08,163470380.26620865,25025607.357243486,22623727.180926897,139645712.99712345,1.452759348229564e-15,True,1.4798760187195733e-05,1.4798760187195722e-05,20717249.672453962,19938405.479122818
0.00036700007753382927,1.4381649585262884e-21,1.150961792266877e-07,1.0,2.85737113533239,4041316.2516328217,1.975735235247823e-07,1.4934265029176133,1.6340916469161366,2.8580781754371247,5574348.61584187,3.416009443505676e-08,0.002891230260358049,-0.14031162394615534,21761084.54021353,18243561.549247693,17531598.015424907,8600800.263948783,17201600.527897567,20229355.647970088,25719066.609608315,29911176.045334924,8601234.754603986,17202469.50920797,20995220.09409181,21981314.079428002,23721387.030379914,5.074679552643676,6.055030280922692,0.061270645091524405,0.0009545931684881822,20.40128675212713,0.2899720520719562,-1.7011870189681142e-08,163463568.56802696,22021443.143680304,24340113.20822118,140282790.39207622,1.4595403002254547e-15,True,1.150961792266877e-07,1.0,2.85737113533239,4041316.2516328217,1.975735235247823e-07,1.4934265029176133,1.6340916469161366,2.8580781754371247,5574348.61584187,3.416009443505676e-08,0.002891230260358049,-0.14031162394615534,21761084.54021353,18243561.549247693,17531598.015424907,8600800.263948783,17201600.527897567,20229355.647970088,25719066.609608315,29911176.045334924,8601234.754603986,17202469.50920797,20995220.09409181,21981314.079428002,23721387.030379914,5.074679552643676,6.055030280922692,0.061270645091524405,0.0009545931684881822,20.40128675212713,0.2899720520719562,1.7011870189681142e-08,163463568.56802696,24340113.20822761,22021443.14368542,140282790.39207044,1.4595403002253945e-15,True,2.1794697243240922e-05,2.1794697243240834e-05,20995220.09409181,20229355.647970088
0.000531315634329828,1.4381627835136633e-21,1.1510221710403376e-07,1.0,2.8613388468714467,3852254.669092695,1.975725768135329e-07,1.4935540174620487,1.6321078260024307,2.8624241909167036,5353002.194856412,3.415818174584368e-08,0.0031461896375820286,-0.13801113651775374,21956065.222458825,18248799.023067575,17547518.456832174,8602773.29718384,17205546.59436768,20457289.384081144,25718185.106146015,29850645.294033844,8603430.526312519,17206861.052625038,21206677.303269982,21983492.064606793,23699081.87543301,5.073421127804193,6.053771856083208,0.0617647409531086,0.0009622911539319783,20.238083746663687,0.2912304769114398,-1.7011870189681142e-08,163453659.00231746,21539089.670216583,23737241.267622042,140815493.53339815,1.4652364073438014e-15,True,1.1510221710403376e-07,1.0,2.861338846871449,3852254.6690925146,1.9757257681353292e-07,1.4935540174619941,1.6321078260024298,2.8624241909166916,5353002.194856979,3.415818174584368e-08,0.0031461896375820286,-0.13801113651775984,21956065.22245901,18248799.023067858,17547518.456832185,8602773.297183841,17205546.594367683,20457289.384080555,25718185.106145993,29850645.294034,8603430.526312511,17206861.052625023,21206677.30326978,21983492.064606927,23699081.875433095,5.073421127804194,6.053771856083209,0.06176474095310817,0.0009622911539319715,20.238083746663825,0.2912304769114389,1.7011870189681142e-08,163453659.00231746,23737241.26760319,21539089.67026888,140815493.53338143,1.4652364073436276e-15,True,3.190301122500818e-05,3.190301122500806e-05,21206677.30326988,20457289.38408085
0.0007662120484774223,1.4381599387859458e-21,1.1510823135167701e-07,1.0,2.8645591296597193,3734664.821623762,1.9757169013742859e-07,1.493691376518532,1.630498176954409,2.866157518578564,5193165.599986502,3.4156252353369333e-08,0.0034199230582663527,-0.13600760597645428,22078134.252606474,18252549.043066673,17560107.73054505,8604266.358076746,17208532.71615349,20622501.171558872,25715540.943252362,29797590.917361036,8605222.257181792,17210444.514363583,21350317.712082673,21984044.993159518,23678849.323953044,5.072570569979629,6.052921298258644,0.06210199343823121,0.0009675455284839812,20.128178352974984,0.2920810347360039,-1.7011870189681142e-08,163439078.03595468,21202581.568475883,23243012.063315235,141216281.22005913,1.4695603099607628e-15,True,1.1510823135167701e-07,1.0,2.8645591296597193,3734664.82162371,1.9757169013742866e-07,1.493691376518532,1.6304981769544098,2.866157518578564,5193165.599986502,3.4156252353369333e-08,0.0034199230582663527,-0.13600760597650877,22078134.252606526,18252549.04306668,17560107.730545048,8604266.358076746,17208532.71615349,20622501.171558872,25715540.943252362,29797590.91736263,8605222.257181792,17210444.514363583,21350317.7120827,21984044.99315952,23678849.323953837,5.072570569979629,6.052921298258644,0.06210199343823121,0.0009675455284839812,20.128178352974984,0.2920810347360039,1.7011870189681142e-08,163439078.03595468,23243012.06331562,21202581.568501223,141216281.22004625,1.4695603099606286e-15,True,4.645093709535729e-05,4.645093709535712e-05,21350317.712082684,20622501.171558872
0.001100979657008427,1.438156223277776e-21,1.1511418388898379e-07,1.0,2.8670050321196334,3684293.082170832,1.9757091854240306e-07,1.4938450728208066,1.6292765307232513,2.8692543840443108,5089721.636704336,3.415431817584305e-08,0.0037247056652162528,-0.1343067819401059,22131552.5364101,18254788.131771736,17569305.374989502,8605281.87286031,17210563.74572062,20730119.142350085,25710785.588842757,29752192.209659163,8606613.59301814,17213227.18603628,21430835.839380093,21982786.860307246,23660748.792324334,5.072095283758022,6.052446012037038,0.062292651771924334,0.0009705159744877229,20.066572291330555,0.2925563209576101,-1.7011870189681142e-08,163417352.54814014,21017296.80417372,22874510.411816947,141471448.9401448,1.4723679682546717e-15,True,1.151141838889838e-07,1.0,2.8670050321196334,3684293.082170832,1.975709185424031e-07,1.4938450728207524,1.6292765307232513,2.869254384044299,5089721.636704906,3.415431817584306e-08,0.0037247056652162528,-0.1343067819401662,22131552.536410093,18254788.131772004,17569305.374989495,8605281.872860309,17210563.745720617,20730119.142349493,25710785.588842735,29752192.209660903,8606613.593018133,17213227.186036266,21430835.839379795,21982786.86030737,23660748.7923252,5.072095283758025,6.0524460120370405,0.06229265177192347,0.0009705159744877094,20.066572291330832,0.2925563209576074,1.7011870189681142e-08,163417352.54814023,22874510.41183503,21017296.804197088,141471448.94012415,1.4723679682544572e-15,True,6.727258604089057e-05,6.727258604089026e-05,21430835.839379944,20730119.142349787
0.0015777080007812244,1.4381514082835698e-21,1.1512003309362078e-07,1.0,2.8687071693654933,3692015.5489071636,1.9757034096961559e-07,1.4940193620237259,1.6284281036149901,2.8716926592113854,5038485.8624926815,3.415238716895793e-08,0.004068001041716519,-0.1329159966683185,22125544.46014583,18255598.25562619,17575289.96172121,8605853.336350998,17211706.672701996,20784336.62715474,25703709.262756683,29714673.32896824,8607607.49654914,17215214.99309828,21454940.543650284,21979653.75919144,23644981.645344727,5.071953205268427,6.052303933547442,0.06235196357505554,0.0009714400490097912,20.047484126066458,0.29269839944720566,-1.7011870189681142e-08,163384597.52412716,20970086.014674883,22635826.1669702,141581641.4333046,1.4736645484906755e-15,True,1.1512003309362079e-07,1.0,2.8687071693654946,3692015.5489070597,1.9757034096961556e-07,1.4940193620236708,1.6284281036149901,2.871692659211387,5038485.862492297,3.415238716895793e-08,0.004068001041716519,-0.13291599666837206,22125544.460145928,18255598.255626462,17575289.961721204,8605853.336350996,17211706.672701992,20784336.627155125,25703709.262756683,29714673.32896981,8607607.49654914,17215214.99309828,21454940.543650527,21979653.759191573,23644981.64534551,5.071953205268425,6.0523039335474405,0.062351963575056436,0.0009714400490098052,20.04748412606617,0.29269839944720744,1.7011870189681142e-08,163384597.52412733,22635826.16696464,20970086.01465551,141581641.43331724,1.4736645484908075e-15,True,9.698339655817213e-05,9.698339655817183e-05,21454940.543650407,20784336.62715493
0.0022617754633980653,1.4381452142044432e-21,1.1512578352882358e-07,1.0,2.8697464414643115,3745887.04430755,1.9757006712857062e-07,1.4942074676988328,1.6279132345024172,2.8734708472659576,5037487.955919154,3.4150448460360893e-08,0.0044346785183134434,-0.13184356390276117,22072221.74596934,18255184.45960658,17578433.3264677,8606036.26342563,17212072.52685126,20787151.59584611,25694782.44246666,29685308.147546507,8608213.183921754,17216426.36784351,21429686.670907725,21974983.45103662,23631870.737007104,5.072102059600519,6.052452787879535,0.06229625222944116,0.0009705720694112195,20.06541252909033,0.2925495451151132,-1.7011870189681142e-08,163334867.3473051,21036729.50149718,22516640.9417809,141558182.12566605,1.4735675735167266e-15,True,1.1512578352882358e-07,1.0,2.8697464414643132,3745887.044307393,1.9757006712857062e-07,1.494207467698832,1.6279132345024154,2.8734708472659687,5037487.955918099,3.415044846036091e-08,0.0044346785183134434,-0.13184356390275567,22072221.7459695,18255184.45960659,17578433.326467715,8606036.263425631,17212072.526851263,20787151.595847186,25694782.442466684,29685308.147546366,8608213.183921762,17216426.367843524,21429686.670908343,21974983.45103664,23631870.73700704,5.072102059600516,6.052452787879531,0.062296252229442496,0.0009705720694112403,20.065412529089897,0.29254954511511677,1.7011870189681142e-08,163334867.3473054,22516640.941830516,21036729.501496226,141558182.125642,1.4735675735164763e-15,True,0.00013961729091072135,0.0001396172909107218,21429686.670908034,20787151.595846646
0.00325644924321325,1.4381372017503397e-21,1.1513149206340989e-07,1.0,2.8702386656329586,3832553.668761457,1.9757025873561325e-07,1.4943964300227814,1.6276752227628342,2.8746446847888287,5083739.38215068,3.414847690874968e-08,0.004796402476674811,-0.13107578316211765,21985143.198061317,18253823.439787537,17579234.088166527,8605898.955607591,17211797.911215182,20741659.38169945,25684941.475242745,29663806.65279855,8608466.25461671,17216932.50923342,21363401.289880384,21969382.457515143,23621520.370482538,5.07249326672033,6.052843994999345,0.062144996367719356,0.000968215511681531,20.114250109592106,0.29215833799530255,-1.7011870189681142e-08,163259994.61964396,21188702.945689596,22496132.785542868,141417576.75402772,1.4722499170868095e-15,True,1.151314920634099e-07,1.0,2.8702386656329564,3832553.668761639,1.975702587356133e-07,1.4943964300227814,1.627675222762836,2.8746446847888136,5083739.382151343,3.4148476908749676e-08,0.004796402476674811,-0.13107578316217966,21985143.19806113,18253823.439787533,17579234.088166513,8605898.95560759,17211797.91121518,20741659.381698757,25684941.47524272,29663806.652800336,8608466.2546167,17216932.5092334,21363401.289879944,21969382.457515128,23621520.370483425,5.072493266720333,6.052843994999348,0.06214499636771803,0.0009682155116815104,20.114250109592533,0.2921583379952999,1.7011870189681142e-08,163259994.6196443,22496132.78552055,21188702.945706278,141417576.75403088,1.4722499170868426e-15,True,0.00020150651446425072,0.00020150651446425115,21363401.289880164,20741659.381699104
0.004713810725340465,1.4381266154192258e-21,1.1513720678639967e-07,1.0,2.870307009542945,3938755.490159571,1.9757115400648842e-07,1.494585124914387,1.6276542180349793,2.8753629650553774,5167530.571180286,3.4146459049798474e-08,0.005147457805719355,-0.13054111536426666,21877780.35917014,18251741.62402846,17578216.717066474,8605511.94977657,17211023.89955314,20657830.01407367,25674614.125768587,29648337.227543227,8608453.528417986,17216907.05683597,21267805.186621904,21963177.874898523,23613276.97230485,5.0730587428379845,6.053409471117,0.06192564554881608,0.0009647980383888217,20.185498090845467,0.291592861877648,-1.7011870189681142e-08,163151097.27190062,21395808.719372403,22546533.630437583,141179926.09699562,1.4699217301996437e-15,True,1.1513720678639968e-07,1.0,2.8703070095429557,3938755.4901588988,1.975711540064884e-07,1.4945851249144408,1.6276542180349731,2.8753629650553694,5167530.571180374,3.414645904979846e-08,0.005147457805719355,-0.13054111536443386,21877780.359170824,18251741.624028206,17578216.717066523,8605511.949776575,17211023.89955315,20657830.014073566,25674614.12576857,29648337.227548108,8608453.52841798,17216907.05683596,21267805.186622195,21963177.87489839,23613276.972307317,5.073058742837983,6.053409471116998,0.06192564554881697,0.0009647980383888356,20.185498090845176,0.29159286187764977,1.7011870189681142e-08,163151097.2719008,22546533.630461104,21395808.71936569,141179926.0969874,1.4699217301995585e-15,True,0.00029191440176022925,0.00029191440176022936,21267805.18662205,20657830.014073618
0.006771020185196413,1.4381127499790087e-21,1.1514273824721822e-07,1.0,2.870050510635899,4051163.1753057716,1.9757300394079592e-07,1.4947932153640493,1.6278022407424866,2.8758505340151794,5266941.715649835,3.4144472800516945e-08,0.005524092196965909,-0.13010901368879663,21763680.37392934,18249066.922120742,17575852.34965671,8604947.849745037,17209895.699490074,20558020.463353172,25663176.339483988,29635506.112392623,8608320.726334335,17216641.45266867,21160850.418641254,21956121.630802363,23605679.231024668,5.0736932137289354,6.054043942007951,0.061679981035984224,0.000960970599240124,20.265894687463465,0.29095839098669707,-1.7011870189681142e-08,163006161.91061035,21622566.582925886,22633833.45906084,140877961.889617,1.466918710513646e-15,True,1.1514273824721823e-07,1.0,2.870050510635903,4051163.1753056166,1.9757300394079587e-07,1.4947932153640493,1.6278022407424848,2.8758505340151763,5266941.71565022,3.414447280051694e-08,0.005524092196965909,-0.13010901368885275,21763680.3739295,18249066.922120742,17575852.349656723,8604947.849745039,17209895.699490078,20558020.46335278,25663176.339483984,29635506.112394262,8608320.726334333,17216641.452668667,21160850.418641143,21956121.630802363,23605679.231025495,5.0736932137289354,6.054043942007951,0.06167998103598424,0.0009609705992401242,20.26589468746346,0.29095839098669707,1.7011870189681142e-08,163006161.91061068,22633833.459040146,21622566.582897585,140877961.88964182,1.4669187105139048e-15,True,0.0004190557339110657,0.0004190557339110668,21160850.4186412,20558020.46335298
0.008859775948889268,1.4380993617345847e-21,1.1514676561007457e-07,1.0,2.8696673485300934,4137914.473128053,1.975752227510308e-07,1.4949893520077913,1.6280144303944069,2.8762163286150204,5339792.364137931,3.414300869884763e-08,0.005875148286469296,-0.12975058834415168,21675350.097642798,18246580.190049373,17573291.927814975,8604421.523590283,17208843.047180567,20484897.420886967,25652615.076018143,29624899.353214797,8608229.928341633,17216459.856683265,21080123.759264883,21949597.63303376,23599095.640514888,5.074173367054043,6.054524095333059,0.06149463083851607,0.0009580828536971035,20.32697786709998,0.2904782376615893,-1.7011870189681142e-08,162871259.13573363,21794838.270854205,22708083.020231485,140619798.4901908,1.4643329657260598e-15,True,1.1514676561007457e-07,1.0,2.869667348530079,4137914.473129324,1.975752227510308e-07,1.4949893520077921,1.6280144303944148,2.8762163286150204,5339792.364137931,3.4143008698847636e-08,0.005875148286469296,-0.12975058834415168,21675350.097641505,18246580.190049347,17573291.927814912,8604421.523590276,17208843.047180552,20484897.420886967,25652615.076018143,29624899.353214793,8608229.928341633,17216459.856683265,21080123.75926424,21949597.633033745,23599095.64051485,5.074173367054048,6.054524095333063,0.061494630838514315,0.0009580828536970762,20.32697786710056,0.29047823766158487,1.7011870189681142e-08,162871259.13573387,22708083.02024432,21794838.270858273,140619798.49018258,1.464332965725974e-15,True,0.0005476965741578121,0.0005476965741578114,21080123.75926456,20484897.420886967
0.012299104573066764,1.4380784719406229e-21,1.1515145630275142e-07,1.0,2.8689582578718986,4246666.767796916,1.975792266951774e-07,1.4953059148106176,1.6284030699907694,2.8767777501374288,5415688.1628634,3.414127793562679e-08,0.0064400853575930835,-0.12918740904738574,21564292.677728016,18242826.196792483,17569186.77929698,8603653.14850831,17207306.29701662,20408916.174194872,25635973.865470894,29608510.999573015,8608201.44568609,17216402.89137218,20986604.425961442,21939400.03113169,23588848.889434997,5.074730986589387,6.055081714868402,0.06128008294545988,0.0009547402097161393,20.398144713879017,0.2899206181262457,-1.7011870189681142e-08,162673585.88433656,22000035.20860555,22797445.566902373,140274845.4965826,1.4608598392403333e-15,True,1.1515145630275142e-07,1.0,2.8689582578719004,4246666.767797076,1.9757922669517735e-07,1.4953059148105634,1.6284030699907677,2.8767777501374217,5415688.162863587,3.4141277935626783e-08,0.0064400853575930835,-0.1291874090473893,21564292.67772786,18242826.196792763,17569186.77929699,8603653.148508312,17207306.297016624,20408916.174194667,25635973.865470875,29608510.9995731,8608201.445686085,17216402.89137217,20986604.425961263,21939400.03113182,23588848.889435045,5.074730986589388,6.055081714868403,0.06128008294545988,0.0009547402097161393,20.398144713879017,0.2899206181262448,1.7011870189681142e-08,162673585.88433674,22797445.566899247,22000035.208622828,140274845.4965757,1.4608598392402615e-15,True,0.000758827867879026,0.0007588278678790223,20986604.425961353,20408916.174194768
0.015733282061206465,1.4380589772461892e-21,1.1515470957184637e-07,1.0,2.8682388972771204,4329652.928165983,1.9758341619037767e-07,1.4956111925215825,1.6287964144378988,2.877315665940096,5458202.988188866,3.414005067343352e-08,0.006983312479986303,-0.12864683758482823,21479302.266293343,18239437.36063204,17565366.507499367,8602985.064819776,17205970.12963955,20366595.889310677,25620249.899327684,29593007.62491468,8608266.292499848,17216532.584999695,20922949.07780201,21929843.629979864,23579187.06620702,5.075111389035849,6.055462117314864,0.06113417843682447,0.0009524670257634173,20.44682748606394,0.28954021567978394,-1.7011870189681142e-08,162499776.84149188,22145367.72859262,22858325.84617729,139997930.05410692,1.4580583504948759e-15,True,1.1515470957184639e-07,1.0,2.8682388972771173,4329652.928166033,1.9758341619037773e-07,1.4956111925215825,1.6287964144379006,2.877315665940085,5458202.988189339,3.4140050673433514e-08,0.006983312479986303,-0.1286468375848881,21479302.266293284,18239437.360632032,17565366.50749935,8602985.064819772,17205970.129639544,20366595.88931018,25620249.89932766,29593007.624916412,8608266.29249984,17216532.58499968,20922949.077801734,21929843.62997985,23579187.06620788,5.07511138903585,6.055462117314866,0.0611341784368236,0.0009524670257634038,20.44682748606423,0.28954021567978216,1.7011870189681142e-08,162499776.84149233,22858325.846178085,22145367.72862038,139997930.0540931,1.4580583504947321e-15,True,0.000969024018212171,0.0009690240182121659,20922949.077801872,20366595.889310427
0.017391295245039694,1.4380500395529745e-21,1.1515594369239526e-07,1.0,2.86790005225109,4363411.508941101,1.9758546674687144e-07,1.4957527016042476,1.6289818726182352,2.877563643042837,5471389.015972545,3.4139575775575064e-08,0.0072342593106727296,-0.12839737561811457,21444665.343069516,18237921.383438274,17563635.095041018,8602692.284003539,17205384.568007078,20353558.479979813,25613045.058785915,29585901.54125645,8608315.83198412,17216631.66396824,20899111.911524665,21925483.221112095,23574768.318148732,5.0752540172609555,6.055604745539971,0.061079570130557516,0.0009516162314551923,20.46510801120778,0.28939758745467703,-1.7011870189681142e-08,162422370.4962066,22201324.839247063,22880794.96761215,139881310.592777,1.456875001888361e-15,True,1.1515594369239527e-07,1.0,2.867900052251091,4363411.508941285,1.975854667468715e-07,1.495752701604193,1.6289818726182352,2.877563643042817,5471389.015973591,3.413957577557507e-08,0.0072342593106727296,-0.12839737561817888,21444665.34306933,18237921.383438554,17563635.095041018,8602692.284003539,17205384.568007078,20353558.47997873,25613045.058785878,29585901.54125829,8608315.831984106,17216631.663968213,20899111.911524028,21925483.221112214,23574768.318149656,5.075254017260959,6.055604745539974,0.06107957013055623,0.0009516162314551723,20.46510801120821,0.2893975874546735,1.7011870189681142e-08,162422370.49620673,22880794.967613548,22201324.83923259,139881310.59278366,1.4568750018884305e-15,True,0.0010703400213973703,0.0010703400213973636,20899111.911524344,20353558.47997927
0.023278967374654957,1.438020629014513e-21,1.151591641822493e-07,1.0,2.866772582211003,4459873.124297602,1.9759276886385692e-07,1.496218341914231,1.6296012360171634,2.8783674142207074,5495715.275689389,3.4138295231455296e-08,0.008054283172870021,-0.12758547809808068,21345474.458472088,18233115.306672897,17558075.957460504,8601782.527589897,17203565.055179793,20329886.038174808,25589670.283381786,29562913.83146532,8608533.771288065,17217067.54257613,20837680.248323448,21911392.79502734,23560494.894462913,5.075622038670362,6.0559727669493775,0.06093890944310367,0.0009494247459384702,20.51234607614823,0.2890295660452704,-1.7011870189681142e-08,162173472.12125784,22350482.827933222,22936510.166007224,139529975.6242876,1.453297103562712e-15,True,1.1515916418224931e-07,1.0,2.866772582210988,4459873.124298713,1.9759276886385687e-07,1.4962183419141764,1.6296012360171714,2.8783674142206883,5495715.275690339,3.4138295231455296e-08,0.008054283172870021,-0.12758547809814463,21345474.458470948,18233115.306673143,17558075.957460433,8601782.527589887,17203565.055179775,20329886.038173825,25589670.283381753,29562913.83146716,8608533.771288054,17217067.542576108,20837680.248322386,21911392.79502745,23560494.894463796,5.075622038670369,6.055972766949385,0.060938909443100646,0.0009494247459384232,20.51234607614925,0.2890295660452633,1.7011870189681142e-08,162173472.12125778,22936510.16599761,22350482.827922065,139529975.62429795,1.4532971035628204e-15,True,0.0014295424221393075,0.0014295424221392882,20837680.248322915,20329886.038174316
0.030806755221366992,1.4379876167371343e-21,1.1516166275623276e-07,1.0,2.8655236404176216,4547196.242249279,1.9760197294867103e-07,1.4967282319657063,1.6302913521907902,2.8792209129725785,5500711.303306544,3.413722544831732e-08,0.008942772722004782,-0.12671448394760507,21255358.116204645,18228094.399218112,17552174.42619346,8600851.452817975,17201702.90563595,20325786.253204487,25564532.133001618,29538412.695585437,8608832.51883701,17217665.03767402,20790572.184704565,21896313.266109865,23545293.56088945,5.075904690586841,6.056255418865856,0.06083111086663008,0.0009477452502432523,20.54869592535599,0.28874691412879194,-1.7011870189681142e-08,161894763.88672608,22469843.13433453,22974275.480595816,139172704.57926092,1.4496387917289516e-15,True,1.1516166275623278e-07,1.0,2.8655236404176256,4547196.242249022,1.9760197294867105e-07,1.4967282319656534,1.6302913521907894,2.879220912972579,5500711.3033063505,3.413722544831732e-08,0.008942772722004782,-0.12671448394760465,21255358.116204906,18228094.399218388,17552174.426193472,8600851.452817976,17201702.905635953,20325786.253204674,25564532.13300161,29538412.69558542,8608832.518837009,17217665.037674017,20790572.184704788,21896313.26611,23545293.560889445,5.07590469058684,6.056255418865855,0.06083111086663008,0.0009477452502432523,20.54869592535599,0.28874691412879283,1.7011870189681142e-08,161894763.88672596,22974275.48057692,22469843.134364106,139172704.57925546,1.4496387917288952e-15,True,0.001887871861630053,0.0018878718616300225,20790572.184704676,20325786.25320458
0.04029168418342708,1.437951763662497e-21,1.151634435490659e-07,1.0,2.864226091079521,4622435.6285517905,1.9761320429668606e-07,1.4972598910548496,1.6310184509789292,2.880068830754552,5491150.239686505,3.4136361998483703e-08,0.009849442662058706,-0.1258371900866185,21177388.85428889,18223104.61544284,17546234.057120927,8599941.494280227,17199882.988560453,20336390.313924845,25539008.264713775,29513849.894138265,8609180.184537116,17218360.369074233,20756889.58410687,21881056.440078307,23530041.975629598,5.076107023470807,6.056457751749822,0.060754057593848644,0.000946544764632289,20.574757464867048,0.2885445812448255,-1.7011870189681142e-08,161582936.14256307,22557285.199700523,22993250.728007004,138807668.17870933,1.4458812463670761e-15,True,1.151634435490659e-07,1.0,2.86422609107951,4622435.628553167,1.976132042966861e-07,1.497259891054795,1.6310184509789345,2.8800688307545528,5491150.239686312,3.413636199848371e-08,0.009849442662058706,-0.12583719008656363,21177388.85428749,18223104.615443096,17546234.057120882,8599941.49428022,17199882.98856044,20336390.313925035,25539008.264713775,29513849.894136656,8609180.184537116,17218360.369074233,20756889.584106263,21881056.440078437,23530041.97562877,5.0761070234708106,6.056457751749826,0.06075405759384735,0.0009465447646322689,20.574757464867485,0.28854458124482196,1.7011870189681142e-08,161582936.1425628,22993250.728023082,22557285.199688092,138807668.1787072,1.445881246367054e-15,True,0.002464485204473928,0.002464485204473891,20756889.584106565,20336390.31392494
0.05206159860145627,1.4379138049349298e-21,1.1516456265812922e-07,1.0,2.8629455418407463,4684124.225102565,1.9762652404330725e-07,1.497792641505411,1.631750202387478,2.8808700698611376,5471865.071926685,3.413568483987076e-08,0.010731989984804865,-0.12499529687192533,21113138.576533236,18218357.850713376,17540525.9578005,8599087.600545267,17198175.201090533,20356783.17769786,25514256.139574658,29490367.5752591,8609549.416541515,17219098.83308303,20734960.877115548,21866306.995144017,23515446.7665298,5.0762388556622255,6.056589583941241,0.06070388350054876,0.0009457630551100927,20.591763292849297,0.28841274905340697,-1.7011870189681142e-08,161234514.6863872,22612552.21199086,22993324.96766333,138431576.09656012,1.441991732024346e-15,True,1.1516456265812923e-07,1.0,2.862945541840743,4684124.225103059,1.976265240433074e-07,1.4977926415053031,1.6317502023874806,2.880870069861164,5471865.071924964,3.413568483987076e-08,0.010731989984804865,-0.1249952968719124,21113138.57653273,18218357.850713916,17540525.95780048,8599087.600545263,17198175.201090526,20356783.177699618,25514256.1395747,29490367.57525876,8609549.416541528,17219098.833083056,20734960.877116174,21866306.995144308,23515446.76652962,5.076238855662222,6.056589583941237,0.06070388350055006,0.0009457630551101129,20.591763292848857,0.2884127490534105,1.7011870189681142e-08,161234514.68638727,22993324.96765157,22612552.211993527,138431576.0965647,1.441991732024394e-15,True,0.003179259990509472,0.003179259990509435,20734960.877115857,20356783.17769874
0.06640674384959412,1.4378744000841643e-21,1.1516510752668064e-07,1.0,2.8617323121593983,4732291.07424968,1.9764189203522317e-07,1.498311041718627,1.6324611475591608,2.881600466577334,5446982.91489649,3.413516518928781e-08,0.011560129749383488,-0.12421602863151078,21062650.447380163,18214002.954964016,17535249.556789577,8598313.840543281,17196627.681086563,20382778.062641114,25491103.476240046,29468707.14764408,8609920.325845867,17219840.651691735,20722714.25501064,21852553.215602033,23501978.35221683,5.076312516829241,6.056663245108257,0.06067582441992269,0.0009453258962285484,20.601285799580616,0.2883390878863912,-1.7011870189681142e-08,160848093.10532743,22637338.01196753,22975044.75508806,138041901.72179964,1.4379462411731073e-15,True,1.1516510752668064e-07,1.0,2.8617323121593996,4732291.0742494725,1.9764189203522301e-07,1.4983110417186807,1.632461147559159,2.8816004665773316,5446982.914896875,3.4135165189287826e-08,0.011560129749383488,-0.12421602863156625,21062650.44738038,18214002.954963744,17535249.556789584,8598313.840543283,17196627.681086566,20382778.062640727,25491103.476240046,29468707.1476457,8609920.325845867,17219840.651691735,20722714.255010553,21852553.215601895,23501978.352217644,5.076312516829242,6.056663245108258,0.06067582441992225,0.0009453258962285416,20.60128579958076,0.2883390878863903,1.7011870189681142e-08,160848093.10532713,22975044.755033277,22637338.011974864,138041901.72182307,1.4379462411733512e-15,True,0.004049864760657328,0.004049864760657297,20722714.255010594,20382778.06264092
0.0835763074184506,1.437833992006959e-21,1.1516518068569316e-07,1.0,2.8606170636589456,4768173.63822072,1.9765919259747175e-07,1.4988065502329473,1.6331351609643898,2.882251750017822,5419688.093671816,3.4134769625077324e-08,0.012318368467962235,-0.1235112675520045,21024721.508123256,18210113.23503044,17530516.151959278,8597631.715447992,17195263.430895984,20411154.735750195,25469968.313400306,29449184.740283076,8610280.94314067,17220561.88628134,20717938.121936724,21840040.77421537,23489850.44612118,5.076341251436835,6.0566919797158505,0.060664808897402556,0.0009451542750137017,20.605026583270426,0.2883103532787974,-1.7011870189681142e-08,160425111.64644256,22635016.360830493,22939983.848694656,137637611.54167998,1.433736678101358e-15,True,1.1516518068569316e-07,1.0,2.860617063658944,4768173.638220666,1.976591925974718e-07,1.4988065502329508,1.6331351609643943,2.882251750017864,5419688.093669431,3.4134769625077324e-08,0.012318368467962235,-0.12351126755198358,21024721.508123305,18210113.23503042,17530516.151959255,8597631.71544799,17195263.43089598,20411154.735752653,25469968.313400377,29449184.740282536,8610280.943140695,17220561.88628139,20717938.12193798,21840040.7742154,23489850.446120895,5.076341251436827,6.0566919797158425,0.06066480889740558,0.0009451542750137488,20.6050265832694,0.2883103532788054,1.7011870189681142e-08,160425111.64644253,22939983.8487073,22635016.360797755,137637611.54169,1.4337366781014624e-15,True,0.005091547619270888,0.0050915476192708795,20717938.12193735,20411154.735751424
0.10935558258542787,1.4377823103163665e-21,1.1516475823772994e-07,1.0,2.8593744462463766,4798848.138107028,1.9768331491187484e-07,1.4993906533303405,1.6339173959978786,2.882961899962754,5385259.350716094,3.413440008553081e-08,0.013164722008394282,-0.12273301580929526,20991870.339730665,18205907.11427495,17525390.689671747,8596906.159279231,17193812.318558462,20446872.641182628,25446458.830061767,29427713.44350655,8610710.66396624,17221421.32793248,20719371.49045665,21826182.972168356,23476552.066589147,5.076332627458692,6.056683355737707,0.0606679037469851,0.000945202492594316,20.60397545979358,0.28831897725694056,-1.7011870189681142e-08,159851063.9025401,22600495.917408373,22875644.779887427,137112993.5538922,1.4282613850105132e-15,True,1.1516475823772994e-07,1.0,2.8593744462463544,4798848.138108937,1.976833149118747e-07,1.4993906533303387,1.6339173959978874,2.8829618999627566,5385259.350715903,3.413440008553081e-08,0.013164722008394282,-0.12273301580934844,20991870.339728717,18205907.114274915,17525390.689671658,8596906.159279218,17193812.318558436,20446872.641182818,25446458.830061767,29427713.443508107,8610710.66396624,17221421.32793248,20719371.49045577,21826182.97216834,23476552.066589884,5.076332627458697,6.056683355737713,0.060667903746982936,0.0009452024925942823,20.603975459794317,0.2883189772569352,1.7011870189681142e-08,159851063.90254077,22875644.779915437,22600495.91735078,137112993.55390766,1.428261385010674e-15,True,0.006655482312278614,0.006655482312278617,20719371.49045621,20446872.64118272
0.1403155198282072,1.4377292214009014e-21,1.1516391029624802e-07,1.0,2.858291041890804,4817665.49894992,1.97709934379538e-07,1.4999392074469977,1.634635259591809,2.883576731170952,5352471.492057165,3.413411985456012e-08,0.013909507409259104,-0.12205320750479114,20971254.46562575,18202355.2724464,17521074.118985295,8596306.654858558,17192613.309717115,20480882.168540984,25425857.950483892,29409048.83085125,8611117.88686605,17222235.7737321,20726068.317083366,21814106.61146515,23465061.474918272,5.076292340180229,6.056643068459245,0.060682956626849846,0.000945437015607147,20.5988644832596,0.28835926453540317,-1.7011870189681142e-08,159236897.29829428,22538684.973567143,22792636.134146582,136571236.7444374,1.42259713183482e-15,True,1.1516391029624802e-07,1.0,2.8582910418908023,4817665.498950205,1.977099343795379e-07,1.4999392074469458,1.6346352595918126,2.8835767311709684,5352471.492056502,3.413411985456013e-08,0.013909507409259104,-0.1220532075047829,20971254.46562546,18202355.272446655,17521074.11898527,8596306.654858556,17192613.30971711,20480882.168541677,25425857.950483922,29409048.830851037,8611117.88686606,17222235.77373212,20726068.317083567,21814106.61146529,23465061.474918153,5.0762923401802285,6.056643068459244,0.06068295662685027,0.0009454370156071536,20.598864483259455,0.28835926453540406,1.7011870189681142e-08,159236897.29829454,22792636.13419613,22538684.973573774,136571236.7444096,1.4225971318345304e-15,True,0.008533989823044218,0.008533989823044194,20726068.317083463,20480882.16854133
0.17682758630090686,1.4376744075921464e-21,1.1516274971884422e-07,1.0,2.857344310045733,4828226.071245469,1.9773875556397754e-07,1.500459236403378,1.6352979504071155,2.8841199670647115,5322230.705640132,3.4133889785515195e-08,0.014570915536530449,-0.12145088549424848,20959210.004961733,18199347.276296094,17517443.955830872,8595812.0254024,17191624.0508048,20512292.63128417,25407648.004869014,29392596.74307289,8611507.778974768,17223015.557949536,20735751.318122953,21803497.640582554,23455020.34945188,5.076234102198994,6.056584830478009,0.06070475753477702,0.0009457766725136971,20.59146681022307,0.2884175025166389,-1.7011870189681142e-08,158594189.58414966,22457044.042466987,22695242.102578156,136018046.51162708,1.4168062577697259e-15,True,1.1516274971884422e-07,1.0,2.857344310045723,4828226.071245512,1.977387555639776e-07,1.5004592364033238,1.6352979504071208,2.8841199670647257,5322230.705638981,3.41338897855152e-08,0.014570915536530449,-0.12145088549429586,20959210.004961673,18199347.276296355,17517443.95583083,8595812.025402395,17191624.05080479,20512292.631285343,25407648.004869036,29392596.743074298,8611507.778974775,17223015.55794955,20735751.31812351,21803497.640582696,23455020.349452563,5.07623410219899,6.056584830478005,0.06070475753477831,0.0009457766725137173,20.591466810222634,0.28841750251664244,1.7011870189681142e-08,158594189.58414945,22695242.102663785,22457044.042478736,136018046.5115782,1.4168062577692169e-15,True,0.010750047967263412,0.010750047967263419,20735751.318123233,20512292.63128476
0.22767232765897313,1.4376068042554991e-21,1.1516107233666426e-07,1.0,2.856365081943512,4833778.725710426,1.9777533133937012e-07,1.5010476861707187,1.6360259610402148,2.8846987240800765,5289929.621714935,3.4133647165287504e-08,0.015271021907235427,-0.12081145380121346,20952223.216110833,18196341.107958138,17513858.242398523,8595333.980607087,17190667.961214174,20545936.72061987,25388477.23582393,29375231.86094465,8611955.447444934,17223910.89488987,20749079.96836535,21792409.171891034,23444545.051671587,5.076153964196363,6.056504692475379,0.06073472693937769,0.0009462435941342012,20.581306000563504,0.2884976405192692,-1.7011870189681142e-08,157810907.2460806,22343061.657568,22566905.898232505,135355923.46818036,1.4098683070478629e-15,True,1.1516107233666427e-07,1.0,2.8563650819435336,4833778.725708699,1.9777533133937012e-07,1.501047686170664,1.6360259610402041,2.8846987240800734,5289929.621715224,3.413364716528751e-08,0.015271021907235427,-0.12081145380126944,20952223.2161126,18196341.107958455,17513858.242398616,8595333.9806071,17190667.9612142,20545936.720619567,25388477.235823918,29375231.860946283,8611955.44744493,17223910.89488986,20749079.968366083,21792409.171891186,23444545.05167245,5.07615396419636,6.056504692475375,0.06073472693937942,0.0009462435941342281,20.58130600056292,0.28849764051927274,1.7011870189681142e-08,157810907.24608034,22566905.898231506,22343061.657523938,135355923.46820262,1.4098683070480952e-15,True,0.013837327556636062,0.013837327556636147,20749079.968365718,20545936.720619716
0.2885418610166121,1.4375343070323688e-21,1.1515909354270143e-07,1.0,2.855486803183663,4834695.456950669,1.9781498016960888e-07,1.501627131487981,1.63672134580958,2.8852422541761498,5260563.989767326,3.4133408339103244e-08,0.015917421762931445,-0.12021648882535609,20950121.1082751,18193747.728070624,17510815.5547551,8594938.855075257,17189877.710150514,20576652.210756466,25370886.509541936,29359175.907302797,8612405.400174597,17224810.800349195,20763386.659515783,21782317.11880628,23434995.731028948,5.076067979983854,6.0564187082628695,0.06076680462800432,0.0009467433627000149,20.570441504240932,0.28858362473177834,-1.7011870189681142e-08,156998975.89562103,22214866.49259728,22426776.898545023,134678154.20004988,1.4027604492511208e-15,True,1.1515909354270145e-07,1.0,2.855486803183662,4834695.4569504345,1.9781498016960885e-07,1.5016271314879273,1.6367213458095817,2.8852422541761364,5260563.989767701,3.413340833910325e-08,0.015917421762931445,-0.12021648882536275,20950121.10827533,18193747.728070892,17510815.554755084,8594938.855075255,17189877.71015051,20576652.210756067,25370886.509541914,29359175.90730297,8612405.40017459,17224810.80034918,20763386.6595157,21782317.118806403,23434995.731029026,5.076067979983855,6.05641870826287,0.0607668046280039,0.0009467433627000083,20.570441504241074,0.28858362473177745,1.7011870189681142e-08,156998975.89562076,22426776.89858642,22214866.492550742,134678154.20005217,1.402760449251145e-15,True,0.017535198321008555,0.01753519832100868,20763386.659515742,20576652.210756265
0.36680268961929086,1.4374497776101278e-21,1.1515664846703353e-07,1.0,2.8546224927093675,4832533.3418938555,1.9786099647244047e-07,1.5022502679681953,1.637448194706604,2.885807999340779,5231725.015085521,3.41331391119722e-08,0.0165743074036089,-0.11960517342270284,20951223.252015702,18191303.837929226,17508006.325287618,8594585.531303186,17189171.062606372,20606980.713567585,25353127.553459853,29342783.48225038,8612901.909551036,17225803.81910207,20779101.982791644,21772215.69569454,23425394.903769,5.075973570590076,6.056324298869091,0.06080190112946595,0.0009472901641982374,20.55856768916428,0.2886780341255566,-1.7011870189681142e-08,156101842.0574448,22066314.100671716,22266811.079071853,133935279.46757302,1.3949636883605895e-15,True,1.1515664846703354e-07,1.0,2.854622492709359,4832533.341894317,1.9786099647244026e-07,1.502250267968137,1.6374481947066049,2.8858079993408063,5231725.015083606,3.413313911197221e-08,0.0165743074036089,-0.11960517342268896,20951223.252015226,18191303.837929495,17508006.325287588,8594585.53130318,17189171.06260636,20606980.71356954,25353127.553459894,29342783.482250012,8612901.909551049,17225803.819102097,20779101.982792385,21772215.695694692,23425394.9037688,5.075973570590072,6.056324298869088,0.06080190112946727,0.0009472901641982579,20.558567689163837,0.28867803412556015,1.7011870189681142e-08,156101842.0574445,22266811.079141133,22066314.100655552,133935279.46754616,1.39496368836031e-15,True,0.022292232143375987,0.022292232143376146,20779101.98279202,20606980.71356856
0.4624548134670094,1.4373553739840446e-21,1.1515380842470465e-07,1.0,2.8537990919680354,4828309.339006491,1.979118107808801e-07,1.5028970602845333,1.63818336893835,2.88638024546139,5204601.570922838,3.41328420465543e-08,0.017220944314179462,-0.11899573190708476,20954547.277886607,18189085.156995337,17505516.51033382,8594285.538964367,17188571.077928733,20635691.08771335,25335765.543938514,29326545.920078192,8613430.886212062,17226861.772424124,20795119.18279998,21762425.350466926,23416031.215206005,5.07587739157815,6.056228119857165,0.06083749184482854,0.0009478446655209505,20.54654066259399,0.28877421313748286,-1.7011870189681142e-08,155157917.1156106,21907337.97891305,22096847.246958356,133155824.50267489,1.386777098284591e-15,True,1.1515380842470467e-07,1.0,2.85379909196805,4828309.339005593,1.9791181078088076e-07,1.502897060284595,1.63818336893835,2.8863802454613925,5204601.570922549,3.41328420465543e-08,0.017220944314179462,-0.11899573190713778,20954547.27788753,18189085.156995073,17505516.51033387,8594285.538964374,17188571.077928748,20635691.087713636,25335765.543938514,29326545.920079745,8613430.886212062,17226861.772424124,20795119.182800584,21762425.350466795,23416031.21520681,5.075877391578146,6.0562281198571615,0.060837491844829845,0.0009478446655209709,20.54654066259355,0.2887742131374864,1.7011870189681142e-08,155157917.11561033,22096847.246961046,21907337.97892703,133155824.5026663,1.3867770982845018e-15,True,0.028109765284145247,0.028109765284145532,20795119.18280028,20635691.087713495
0.5841938801822869,1.4372450977287296e-21,1.1515039184683486e-07,1.0,2.8529682333124313,4822504.5044752555,1.9797486703388433e-07,1.5036592258893275,1.6390244433526748,2.886992089385311,5177772.617978973,3.413249804223467e-08,0.01789398535066805,-0.11835328942685258,20959562.834828988,18186864.73395551,17503115.228316598,8594022.446434747,17188044.892869495,20664299.810354166,25317821.747104753,29309538.80833279,8614024.142777713,17228048.285555426,20811931.322591577,21752343.240530133,23406327.018324696,5.075776486777137,6.0561272150561525,0.060874622660900025,0.0009484231615251836,20.5340081853662,0.2888751179384954,-1.7011870189681142e-08,154138302.18236992,21734027.090452686,21912216.775793586,132315180.24924678,1.3779402762905303e-15,True,1.1515039184683488e-07,1.0,2.852968233312442,4822504.50447506,1.9797486703388443e-07,1.5036592258893275,1.6390244433526695,2.8869920893852816,5177772.617980498,3.413249804223467e-08,0.01789398535066805,-0.11835328942697623,20959562.834829193,18186864.733955525,17503115.228316642,8594022.446434751,17188044.892869502,20664299.810352586,25317821.747104697,29309538.808336355,8614024.142777694,17228048.28555539,20811931.322590888,21752343.24053011,23406327.0183265,5.075776486777141,6.056127215056156,0.06087462266089874,0.0009484231615251636,20.534008185366634,0.28887511793849185,1.7011870189681142e-08,154138302.1823694,21912216.775774125,21734027.09045091,132315180.2492569,1.3779402762906364e-15,True,0.03551832489808044,0.035518324898080725,20811931.322591234,20664299.810353376
0.7320198897651237,1.437121970060121e-21,1.1514647792933129e-07,1.0,2.8521570394605513,4815716.464568317,1.9804329034191254e-07,1.5044527863524761,1.639885895300478,2.8876210706319476,5152125.616455453,3.413212091591337e-08,0.01856939623323825,-0.11770109336230379,20965705.399419345,18184836.3712143,17500980.287455123,8593807.287995888,17187614.575991776,20691864.16701276,25299945.17871057,29292386.490261436,8614663.261156071,17229326.522312142,20828784.78321605,21742390.774962433,23396683.38885828,5.075675382857133,6.056026111136148,0.06091158990154,0.0009489991090334898,20.521546096901286,0.28897622185849947,-1.7011870189681142e-08,153100848.59195662,21556186.149525,21723076.586897545,131461217.22374535,1.3689539756903207e-15,True,1.151464779293313e-07,1.0,2.8521570394605638,4815716.464567706,1.9804329034191243e-07,1.5044527863524735,1.6398858953004691,2.887621070631931,5152125.616456022,3.4132120915913385e-08,0.01856939623323825,-0.11770109336231185,20965705.39941998,18184836.37121433,17500980.287455186,8593807.287995895,17187614.57599179,20691864.167012163,25299945.17871054,29292386.490261644,8614663.261156062,17229326.522312123,20828784.78321607,21742390.774962433,23396683.388858415,5.075675382857133,6.056026111136148,0.060911589901540004,0.0009489991090334899,20.521546096901286,0.28897622185849947,1.7011870189681142e-08,153100848.5919561,21723076.586911768,21556186.149435695,131461217.22378238,1.3689539756907065e-15,True,0.044519909810736766,0.04451990981073696,20828784.783216063,20691864.16701246
0.9233241374605595,1.4369756245432517e-21,1.1514171214854827e-07,1.0,2.8513065667959623,4807620.64366514,1.981219805134911e-07,1.5053320315695213,1.640827820073649,2.8883105229366404,5125735.437398319,3.413168669404134e-08,0.019294509785521566,-0.11699381043378833,20973268.19142298,18182882.658953536,17498981.820929654,8593629.61169604,17187259.22339208,20720460.004392024,25280899.32974997,29273913.83972738,8615398.48059678,17230796.96119356,20846864.097907502,21731890.994351752,23386447.830328517,5.075566979382026,6.055917707661042,0.06095094962977906,0.0009496123313626237,20.508294088814036,0.2890846253336061,-1.7011870189681142e-08,151970794.9009023,21364095.613306936,21519030.18654252,130529232.00097758,1.359136357820937e-15,True,1.1514171214854828e-07,1.0,2.85130656679594,4807620.643666681,1.9812198051349116e-07,1.505332031569465,1.6408278200736588,2.888310522936663,5125735.43739737,3.413168669404133e-08,0.019294509785521566,-0.11699381043383161,20973268.191421397,18182882.65895378,17498981.820929565,8593629.611696025,17187259.22339205,20720460.004393004,25280899.32975001,29273913.839728683,8615398.480596792,17230796.961193584,20846864.0979072,21731890.994351894,23386447.830329124,5.075566979382028,6.0559177076610435,0.0609509496297782,0.0009496123313626103,20.508294088814328,0.28908462533360435,1.7011870189681142e-08,151970794.90090147,21519030.18650396,21364095.613288373,130529232.00100529,1.359136357821226e-15,True,0.05617632053438392,0.05617632053438403,20846864.09790735,20720460.004392512
0.9365413011937262,1.4369659601404219e-21,1.151413935255905e-07,1.0,2.8512539042374123,4807087.936287656,1.981270803552904e-07,1.505387948238425,1.6408873587280939,2.8883541431037,5124114.508112202,3.413165864129284e-08,0.019339928372935265,-0.11694929105657897,20973773.004067518,18182768.112565577,17498866.59720137,8593620.313451724,17187240.62690345,20722224.222798415,25279711.466288395,29272755.603458747,8615446.243636873,17230892.487273745,20847998.613432966,21731239.789426986,23385811.10033006,5.0755601787069615,6.055910906985977,0.06095340930205983,0.0009496506529169738,20.507466511110447,0.289091426008671,-1.7011870189681142e-08,151900100.67805627,21352075.298734203,21506271.699955355,130470927.17871149,1.3585217398329091e-15,True,1.1514139352559052e-07,1.0,2.8512539042374194,4807087.93628743,1.9812708035529065e-07,1.5053879482383188,1.640887358728093,2.888354143103701,5124114.508112009,3.413165864129284e-08,0.019339928372935265,-0.1169492910565785,20973773.004067753,18182768.112566132,17498866.597201396,8593620.313451728,17187240.626903456,20722224.22279861,25279711.466288395,29272755.603458732,8615446.243636873,17230892.487273745,20847998.613433182,21731239.789427266,23385811.100330062,5.07556017870696,6.055910906985975,0.0609534093020607,0.0009496506529169874,20.507466511110152,0.28909142600867277,1.7011870189681142e-08,151900100.67805523,21506271.699957833,21352075.298680138,130470927.17873624,1.3585217398331673e-15,True,0.05698193547027834,0.05698193547027845,20847998.613433074,20722224.22279851
0.9419100800762229,1.4369620493554544e-21,1.1514126446125209e-07,1.0,2.851232703342488,4806872.462378332,1.981291407564064e-07,1.5054105049402797,1.6409113657365337,2.8883717320888516,5123462.297770127,3.41316473128431e-08,0.0193582286547982,-0.11693134642307179,20973977.420603037,18182722.221431904,17498820.498147048,8593616.627660457,17187233.255320914,20722934.33994333,25279233.017470784,29272288.899850853,8615465.545904486,17230931.09180897,20848455.880273186,21730977.619451344,23385554.69899895,5.075557437755277,6.055908166034293,0.060954400336977035,0.0009496660931846629,20.507133087842174,0.2890941669603553,-1.7011870189681142e-08,151871549.33995765,21347233.501567695,21501133.053599235,130447366.06237419,1.3582733658973096e-15,True,1.1514126446125209e-07,1.0,2.8512327033424874,4806872.462378385,1.981291407564065e-07,1.5054105049402806,1.6409113657365346,2.8883717320888516,5123462.297770127,3.41316473128431e-08,0.0193582286547982,-0.11693134642307179,20973977.420602985,18182722.221431904,17498820.498147048,8593616.627660457,17187233.255320914,20722934.33994333,25279233.017470784,29272288.899850853,8615465.545904486,17230931.09180897,20848455.880273156,21730977.619451344,23385554.69899895,5.075557437755277,6.055908166034293,0.060954400336977035,0.0009496660931846629,20.507133087842174,0.2890941669603553,1.7011870189681142e-08,151871549.33995658,21501133.05359982,21347233.501568977,130447366.06237218,1.3582733658972887e-15,True,0.05730918350727908,0.0573091835072792,20848455.88027317,20722934.33994333
