total_volume_m3,mirror_error,energy_J,topology_stop,V_left_m3,R_left_m,mu_left_Pa,centroid_left_m,V_center_m3,R_center_m,mu_center_Pa,centroid_center_m,V_right_m3,R_right_m,mu_right_Pa,centroid_right_m,LEFT_gb_z_m,LEFT_tj_z_m,LEFT_tj_r_m,LEFT_neck_r_m,LEFT_psi_deg,LEFT_kappa_per_m,LEFT_CC_force_N,LEFT_CC_stress_Pa,LEFT_PF_geometric_stress_Pa,RIGHT_gb_z_m,RIGHT_tj_z_m,RIGHT_tj_r_m,RIGHT_neck_r_m,RIGHT_psi_deg,RIGHT_kappa_per_m,RIGHT_CC_force_N,RIGHT_CC_stress_Pa,RIGHT_PF_geometric_stress_Pa,t_model,t_s,step,mu_projected_left_Pa,mu_projected_center_Pa,mu_projected_right_Pa,delta_mu_projected_Pa,center_GB_separation_over_W,center_solid_core_f
1.0117533979883671e-20,6.661338147750939e-16,2.59344049211232e-13,False,4.199292574086397e-21,1.0008350544840469e-07,20274904.41577,-7.337739616363396e-08,1.7189488317108772e-21,7.431185685178847e-08,18781192.733536396,0.0,4.199292574086397e-21,1.0008350544840469e-07,20274904.415769998,7.337739616363396e-08,-2.0266448305180202e-08,-2.0266448305180202e-08,1.1502997589170207e-07,1.1502997589170207e-07,160.3432108817516,16595587.54800023,2.228137502745258e-08,536006.5024284478,17667600.55285708,2.0266448305180202e-08,2.0266448305180202e-08,1.1502997589170206e-07,1.1502997589170206e-07,160.34321088175383,16595587.547997978,2.228137502754866e-08,536006.5024307594,17667600.552859448,0.0,0.0,0,17089274.60391112,17089521.978931062,17089274.603911117,247.37501994520426,10.1332241525901,1.0
1.0117533979883671e-20,2.3314683517128287e-15,2.593437077464397e-13,False,4.199292574086836e-21,1.0008350544840818e-07,20274862.816781398,-7.33773957382686e-08,1.7189488317100004e-21,7.431185685177585e-08,18781218.136869345,-7.297617600319146e-25,4.199292574086836e-21,1.0008350544840818e-07,20274862.816781394,7.33773957382686e-08,-2.0266448305180202e-08,-2.0266448305180202e-08,1.1503349398893498e-07,1.1503349398893498e-07,160.29475899824575,16684022.936882742,1.85323114155653e-08,445790.7928596437,17575604.52260201,2.0266448305180202e-08,2.0266448305180202e-08,1.1503349398893498e-07,1.15033493988935e-07,160.29475899825016,16684022.936877511,1.8532311415787384e-08,445790.79286498576,17575604.522607464,8.07346330020993e-05,1.2578409939879265e-06,1,17089638.58174454,17092905.38973067,17089638.581744537,3266.8079861328006,10.1332241525901,1.0
1.0117533979883671e-20,2.886579864025407e-15,2.593434487371624e-13,False,4.1992925740879386e-21,1.0008350544841693e-07,20274827.14934164,-7.337739536451311e-08,1.718948831707795e-21,7.431185685174407e-08,18781278.303940605,0.0,4.1992925740879386e-21,1.0008350544841693e-07,20274827.14934163,7.337739536451311e-08,-2.0266448305180202e-08,-2.0266448305180202e-08,1.1503626144479204e-07,1.1503626144479204e-07,160.143234359041,16901662.97651256,9.303788654547318e-09,223789.88100052625,17349242.738513604,2.0266448305180202e-08,2.0266448305180202e-08,1.1503626144479205e-07,1.1503626144479205e-07,160.14323435904737,16901662.976503626,9.303788654925523e-09,223789.8810096234,17349242.738522865,0.00016037806727228456,2.498681173745937e-06,2,17089932.14284179,17095632.84829359,17089932.14284178,5700.705451805145,10.1332241525901,1.0
1.0117533979883671e-20,4.773959005888173e-15,2.593431979325509e-13,False,4.199292574089885e-21,1.000835054484324e-07,20274787.445211418,-7.337739495795204e-08,1.718948831703902e-21,7.431185685168797e-08,18781371.897726856,0.0,4.199292574089885e-21,1.000835054484324e-07,20274787.445211403,7.337739495795204e-08,-2.0266448305180202e-08,-2.0266448305180202e-08,1.1503899673921082e-07,1.1503899673921082e-07,159.90076708237999,17231934.9255376,-4.70929169493351e-09,-113270.1688243188,17005394.58788896,2.0266448305180202e-08,2.0266448305180202e-08,1.1503899673921082e-07,1.1503899673921082e-07,159.90076708239064,17231934.925521128,-4.709291694237007e-09,-113270.16880756617,17005394.58790599,0.00025643564148449883,3.995252720977951e-06,3,17090038.46983358,17096613.67179437,17090038.469833665,6575.201960749924,10.1332241525901,1.0
1.0117533979883671e-20,7.771561172376096e-16,2.5934294835936523e-13,False,4.199292574092884e-21,1.0008350544845622e-07,20274740.957110196,-7.337739450858015e-08,1.7189488316979028e-21,7.431185685160152e-08,18781499.087724075,7.297617600370506e-25,4.199292574092884e-21,1.0008350544845622e-07,20274740.957110196,7.337739450858015e-08,-2.0266448305180202e-08,-2.0266448305180202e-08,1.1504175052276196e-07,1.1504175052276196e-07,159.58769856792998,17642636.095010005,-2.2149838781821923e-08,-532733.1643672176,16577169.76627557,2.0266448305180202e-08,2.0266448305180202e-08,1.1504175052276195e-07,1.1504175052276195e-07,159.5876985679494,17642636.0949805,-2.214983878057336e-08,-532733.164337188,16577169.766306126,0.0003740565689093656,5.827780085808224e-06,4,17089796.21281815,17094343.526979037,17089796.21281814,4547.314160890877,10.1332241525901,1.0
1.0117533979883671e-20,1.2212453270876722e-15,2.593426975248877e-13,False,4.199292574097166e-21,1.0008350544849025e-07,20274685.09549898,-7.337739401166999e-08,1.71894883168934e-21,7.431185685147811e-08,18781659.53543706,7.297617600406858e-25,4.199292574097166e-21,1.0008350544849025e-07,20274685.09549897,7.337739401166999e-08,-2.0266448305180202e-08,-2.0266448305180202e-08,1.1504452730881792e-07,1.1504452730881792e-07,159.23645853658223,18086408.291935537,-4.101594296609788e-08,-986440.5116797537,16113527.26857603,2.0266448305180202e-08,2.0266448305180202e-08,1.1504452730881792e-07,1.1504452730881792e-07,159.23645853659642,18086408.29191379,-4.101594296517748e-08,-986440.511657618,16113527.268598553,0.000518072528714569,8.071540555082817e-06,5,17089125.76535715,17088079.995939452,17089125.76535715,-1045.7694176994264,10.1332241525901,1.0
1.0117533979883671e-20,1.6653345369377348e-15,2.593424630159418e-13,False,4.199292574102476e-21,1.0008350544853243e-07,20274622.622982726,-7.337739350654547e-08,1.7189488316787206e-21,7.431185685132509e-08,18781836.7703769,0.0,4.199292574102476e-21,1.0008350544853243e-07,20274622.62298273,7.337739350654548e-08,-2.0266448305180202e-08,-2.0266448305180202e-08,1.150471129225695e-07,1.150471129225695e-07,158.9098552553762,18481864.959819235,-5.785165302720783e-08,-1391279.7076967508,15699305.544425733,2.0266448305180202e-08,2.0266448305180202e-08,1.150471129225695e-07,1.150471129225695e-07,158.9098552553867,18481864.959801663,-5.7851653026464915e-08,-1391279.7076788843,15699305.54444389,0.0006793266819276504,1.0583871097998018e-05,6,17088171.42024974,17079168.872608993,17088171.420249715,-9002.547640737146,10.1332241525901,1.0
1.0117533979883671e-20,6.661338147750939e-16,2.5934224700655905e-13,False,4.199292574108598e-21,1.0008350544858107e-07,20274554.73249743,-7.337739300744079e-08,1.718948831666476e-21,7.431185685114865e-08,18782021.102602262,0.0,4.199292574108598e-21,1.0008350544858107e-07,20274554.73249744,7.337739300744079e-08,-2.0266448305180202e-08,-2.0266448305180202e-08,1.150494710685595e-07,1.150494710685595e-07,158.6356903653594,18797326.391458586,-7.130507398306925e-08,-1714751.96570459,15367822.460049406,2.0266448305180202e-08,2.0266448305180202e-08,1.150494710685595e-07,1.150494710685595e-07,158.6356903653646,18797326.391449366,-7.130507398267964e-08,-1714751.965695221,15367822.46005892,0.0008532093994347304,1.3292953954926843e-05,7,17087146.16396851,17069595.6913801,17087146.163968515,-17550.472588412464,10.1332241525901,1.0
1.0117533979883671e-20,3.0531133177191805e-15,2.59342035168847e-13,False,4.1992925741158375e-21,1.0008350544863857e-07,20274477.170707047,-7.337739248748321e-08,1.7189488316519976e-21,7.431185685094e-08,18782219.43669082,0.0,4.1992925741158375e-21,1.0008350544863857e-07,20274477.170707054,7.337739248748323e-08,-2.0266448305180202e-08,-2.0266448305180202e-08,1.1505175018749844e-07,1.1505175018749844e-07,158.40821492528434,19041771.600566298,-8.175461037778332e-08,-1965965.6308984533,15109840.338769387,2.0266448305180202e-08,2.0266448305180202e-08,1.1505175018749844e-07,1.1505175018749844e-07,158.40821492528636,19041771.60056103,-8.17546103775618e-08,-1965965.6308931261,15109840.338774774,0.001049575323254459,1.6352323888476208e-05,8,17086162.380574316,17060406.893979285,17086162.380574293,-25755.486595019698,10.1332241525901,1.0
1.0117533979883671e-20,7.771561172376096e-16,2.5934181764278707e-13,False,4.1992925741246125e-21,1.000835054487083e-07,20274384.936291642,-7.337739192324238e-08,1.718948831634447e-21,7.431185685068709e-08,18782438.994342625,0.0,4.1992925741246125e-21,1.000835054487083e-07,20274384.936291646,7.337739192324239e-08,-2.0266448305180202e-08,-2.0266448305180202e-08,1.1505404705650941e-07,1.1505404705650941e-07,158.22714558515187,19216134.13099334,-8.923804891443305e-08,-2145835.3440988436,14924463.442795651,2.0266448305180202e-08,2.0266448305180202e-08,1.1505404705650941e-07,1.1505404705650941e-07,158.2271455851622,19216134.130976602,-8.923804891372459e-08,-2145835.344081808,14924463.442812987,0.001279979372202546,1.9942005877123742e-05,9,17085334.973515965,17052672.26296918,17085334.97351595,-32662.710546776652,10.1332241525901,1.0
1.0117533979883671e-20,8.881784197001252e-16,2.593415851392056e-13,False,4.1992925741355565e-21,1.0008350544879523e-07,20274270.897176553,-7.337739128741892e-08,1.7189488316125596e-21,7.431185685037169e-08,18782688.989674527,7.297617600732821e-25,4.199292574135556e-21,1.0008350544879523e-07,20274270.89717656,7.337739128741894e-08,-2.0266448305180202e-08,-2.0266448305180202e-08,1.150564459547908e-07,1.150564459547908e-07,158.09649435316115,19315287.18951827,-9.353631392829227e-08,-2249098.4648203664,14817090.259877536,2.0266448305180202e-08,2.0266448305180202e-08,1.150564459547908e-07,1.150564459547908e-07,158.096494353175,19315287.1894973,-9.35363139274036e-08,-2249098.464798998,14817090.259899303,0.0015608167823967342,2.431743676783538e-05,10,17084804.857684232,17047703.56840539,17084804.85768423,-37101.28927884251,10.1332241525901,1.0
1.0117533979883671e-20,3.774758283725532e-15,2.5934132533541057e-13,False,4.199292574149754e-21,1.0008350544890802e-07,20274122.969431303,-7.337739053839612e-08,1.718948831584163e-21,7.431185684996248e-08,18782984.00580818,7.297617600853375e-25,4.199292574149754e-21,1.0008350544890802e-07,20274122.969431303,7.337739053839612e-08,-2.0266448305180202e-08,-2.0266448305180202e-08,1.1505905149641574e-07,1.1505905149641575e-07,158.02498901253193,19327408.973116152,-9.414661351127866e-08,-2263670.708124209,14800067.556867734,2.0266448305180202e-08,2.0266448305180202e-08,1.1505905149641574e-07,1.1505905149641574e-07,158.02498901253287,19327408.973115493,-9.414661351124996e-08,-2263670.70812352,14800067.556868449,0.0019198370015107674,2.9910951378354715e-05,11,17084766.655889403,17047312.091877747,17084766.655889444,-37454.564011674374,10.1332241525901,1.0
1.0117533979883671e-20,3.774758283725532e-15,2.5934102669398594e-13,False,4.199292574168695e-21,1.000835054490585e-07,20273924.11949681,-7.337738962890413e-08,1.7189488315462817e-21,7.431185684941661e-08,18783339.53776061,-7.297617601014197e-25,4.199292574168695e-21,1.000835054490585e-07,20273924.119496815,7.337738962890413e-08,-2.0266448305180202e-08,-2.0266448305180202e-08,1.1506194407122426e-07,1.1506194407122427e-07,158.02863683760418,19233082.438378207,-9.02415424156879e-08,-2169667.6913968176,14893747.055584574,2.0266448305180202e-08,2.0266448305180202e-08,1.1506194407122427e-07,1.1506194407122427e-07,158.02863683761805,19233082.43835778,-9.024154241482162e-08,-2169667.6913759895,14893747.055605805,0.0023955969256365577,3.7323263958588326e-05,12,17085496.95693266,17054072.130160555,17085496.9569326,-31424.826772075146,10.1332241525901,1.0
1.0117533979883673e-20,6.661338147750939e-16,2.5934071187074e-13,False,4.199292574191728e-21,1.0008350544924149e-07,20273678.849143494,-7.337738861550214e-08,1.7189488315002166e-21,7.431185684875279e-08,18783728.902174123,0.0,4.199292574191728e-21,1.0008350544924149e-07,20273678.84914349,7.337738861550214e-08,-2.0266448305180202e-08,-2.0266448305180202e-08,1.1506487523675355e-07,1.1506487523675355e-07,158.1122478146515,19038855.96328324,-8.208514038700296e-08,-1973463.6473460272,15091928.66859119,2.0266448305180202e-08,2.0266448305180202e-08,1.1506487523675355e-07,1.1506487523675356e-07,158.11224781464162,19038855.963296045,-8.208514038754747e-08,-1973463.6473591179,15091928.668577809,0.002975185825183511,4.635322607523722e-05,13,17087087.49017994,17068840.24476003,17087087.49017993,-18247.24541990459,10.1332241525901,1.0
1.0117533979883671e-20,2.3314683517128287e-15,2.5934038127834795e-13,False,4.199292574219329e-21,1.0008350544946076e-07,20273379.464685258,-7.337738749229739e-08,1.718948831445013e-21,7.431185684795729e-08,18784149.521642886,0.0,4.199292574219329e-21,1.0008350544946076e-07,20273379.464685258,7.33773874922974e-08,-2.0266448305180202e-08,-2.0266448305180202e-08,1.1506782474788e-07,1.1506782474788e-07,158.2649847276706,18763860.454646003,-7.048635209288752e-08,-1694522.5623425618,15374815.329960879,2.0266448305180202e-08,2.0266448305180202e-08,1.1506782474788e-07,1.1506782474788e-07,158.26498472767656,18763860.4546356,-7.048635209244774e-08,-1694522.5623319894,15374815.329971623,0.00367610779389909,5.7273550514121504e-05,14,17089476.32291264,17091037.969024174,17089476.322912674,1561.6461115181446,10.1332241525901,1.0
1.0117533979883671e-20,4.218847493575595e-15,2.59340033639443e-13,False,4.199292574252161e-21,1.000835054497216e-07,20273015.901003685,-7.337738624670972e-08,1.7189488313793502e-21,7.431185684701106e-08,18784600.64439921,-7.2976176017228875e-25,4.199292574252161e-21,1.000835054497216e-07,20273015.90100369,7.337738624670973e-08,-2.0266448305180202e-08,-2.0266448305180202e-08,1.1507078988000463e-07,1.1507078988000465e-07,158.47338003124392,18429096.189516425,-5.633578576753518e-08,-1354266.9971746355,15720562.19516715,2.0266448305180202e-08,2.0266448305180202e-08,1.1507078988000463e-07,1.1507078988000465e-07,158.4733800312508,18429096.189504802,-5.6335785767043626e-08,-1354266.997162819,15720562.195179166,0.0045222790106409375,7.045684998267625e-05,15,17092513.774793807,17119268.464045558,17092513.77479382,26754.689251746982,10.1332241525901,1.0
1.0117533979883671e-20,5.88418203051333e-15,2.5933966762996205e-13,False,4.1992925742909866e-21,1.0008350545003005e-07,20272576.500609253,-7.337738486402596e-08,1.718948831301699e-21,7.431185684589209e-08,18785081.35705806,-7.297617602052547e-25,4.1992925742909866e-21,1.0008350545003005e-07,20272576.50060925,7.337738486402598e-08,-2.0266448305180202e-08,-2.0266448305180202e-08,1.1507376908692554e-07,1.1507376908692554e-07,158.7232843436714,18055398.484241188,-4.0518156351647815e-08,-973973.4696189091,16107451.545003371,2.0266448305180202e-08,2.0266448305180202e-08,1.1507376908692552e-07,1.1507376908692552e-07,158.72328434366935,18055398.484245025,-4.051815635180975e-08,-973973.469622802,16107451.544999419,0.005542482840901474,8.635156767950204e-05,16,17095989.36183106,17151567.851707343,17095989.361831076,55578.48987627402,10.1332241525901,1.0
1.0117533979883671e-20,1.9984014443252818e-15,2.593392820007999e-13,False,4.199292574336656e-21,1.0008350545039287e-07,20272047.92487698,-7.337738332756945e-08,1.7189488312103608e-21,7.431185684457587e-08,18785590.324458085,0.0,4.199292574336656e-21,1.0008350545039287e-07,20272047.924876977,7.337738332756945e-08,-2.0266448305180202e-08,-2.0266448305180202e-08,1.1507676080501959e-07,1.1507676080501959e-07,159.0010353548731,17662017.3403782,-2.3851434771132733e-08,-573309.8172354549,16515397.705907285,2.0266448305180202e-08,2.0266448305180202e-08,1.150767608050196e-07,1.150767608050196e-07,159.0010353548835,17662017.34036436,-2.3851434770545196e-08,-573309.8172213323,16515397.705921695,0.006771048888645271,0.00010549255688340037,17,17099661.099468056,17185678.769438986,17099661.09946804,86017.66997093707,10.1332241525901,1.0
1.0117533979883668e-20,5.551115123125783e-15,2.5933887558052886e-13,False,4.199292574390182e-21,1.0008350545081811e-07,20271414.97489526,-7.337738161848144e-08,1.718948831103306e-21,7.431185684303318e-08,18786125.656985868,0.0,4.199292574390182e-21,1.0008350545081811e-07,20271414.97489527,7.337738161848142e-08,-2.0266448305180202e-08,-2.0266448305180202e-08,1.1507976338804433e-07,1.1507976338804433e-07,159.29424060142557,17265705.94197472,-7.047796087525279e-09,-169396.93065511063,16926912.080664497,2.0266448305180202e-08,2.0266448305180202e-08,1.1507976338804433e-07,1.1507976338804433e-07,159.29424060143714,17265705.94195765,-7.047796086801934e-09,-169396.9306377247,16926912.080682196,0.008248893018473055,0.00012851728443958392,18,17103282.76103699,17219304.620202586,17103282.761036947,116021.85916561633,10.1332241525901,1.0
1.0117533979883671e-20,9.71445146547012e-15,2.593384472680147e-13,False,4.199292574452972e-21,1.0008350545131694e-07,20270660.397870544,-7.337737971543972e-08,1.7189488309777276e-21,7.431185684122355e-08,18786684.750692062,-7.297617603427934e-25,4.199292574452972e-21,1.0008350545131694e-07,20270660.397870537,7.337737971543972e-08,-2.0266448305180202e-08,-2.0266448305180202e-08,1.150827751202188e-07,1.150827751202188e-07,159.5922230764704,16880264.981260657,9.305918213210218e-09,223660.19885522127,17327585.378971085,2.0266448305180202e-08,2.0266448305180202e-08,1.1508277512021881e-07,1.1508277512021881e-07,159.5922230764813,16880264.98124403,9.305918213914074e-09,223660.19887213781,17327585.378988292,0.010024782083010724,0.00015618553514052248,19,17106625.91655289,17250313.635517806,17106625.916552946,143687.71896488965,10.1332241525901,1.0
1.0117533979883671e-20,1.3322676295501878e-15,2.593379960249875e-13,False,4.1992925745265015e-21,1.0008350545190109e-07,20269764.681691997,-7.337737759434851e-08,1.7189488308306712e-21,7.431185683910442e-08,18787264.13036261,0.0,4.1992925745265e-21,1.0008350545190107e-07,20269764.68169199,7.337737759434851e-08,-2.0266448305180202e-08,-2.0266448305180202e-08,1.1508579422670337e-07,1.1508579422670337e-07,159.88620293805877,16516437.254435029,2.4752745502341695e-08,594880.9553135745,17706199.165062167,2.0266448305180202e-08,2.0266448305180202e-08,1.1508579422670337e-07,1.1508579422670337e-07,159.88620293805752,16516437.254436238,2.4752745502290155e-08,594880.9553123359,17706199.165060896,0.012156848571541597,0.00018940300986555514,20,17109495.525094572,17276882.18555895,17109495.525094576,167386.6604643725,10.1332241525901,1.0
1.0117533979883671e-20,2.9976021664879227e-15,2.593375208694252e-13,False,4.1992925746108594e-21,1.0008350545257127e-07,20268705.81666146,-7.337737522799359e-08,1.7189488306619526e-21,7.431185683667313e-08,18787859.42863139,0.0,4.1992925746108594e-21,1.0008350545257127e-07,20268705.816661455,7.337737522799359e-08,-2.0266448305180202e-08,-2.0266448305180202e-08,1.1508881889216307e-07,1.1508881889216307e-07,160.16929740552874,16182036.529502416,3.8960126323414676e-08,936276.703660788,18054589.93682399,2.0266448305180202e-08,2.0266448305180202e-08,1.1508881889216308e-07,1.1508881889216308e-07,160.1692974055276,16182036.52950381,3.896012632335531e-08,936276.7036593612,18054589.93682253,0.014714414855885868,0.00022924974722801959,21,17111739.161393896,17297581.81218592,17111739.16139389,185842.65079202875,10.1332241525901,1.0
1.0117533979883671e-20,7.605027718682322e-15,2.5933702087046703e-13,False,4.1992925747049095e-21,1.0008350545331844e-07,20267459.03956586,-7.337737258562905e-08,1.7189488304738517e-21,7.431185683396253e-08,18788465.435531944,0.0,4.1992925747049095e-21,1.0008350545331844e-07,20267459.03956586,7.337737258562906e-08,-2.0266448305180202e-08,-2.0266448305180202e-08,1.1509184727875917e-07,1.1509184727875917e-07,160.43640250165708,15882219.955145493,5.170829876206459e-08,1242571.1193196476,18367362.193784747,2.0266448305180202e-08,2.0266448305180202e-08,1.1509184727875917e-07,1.1509184727875917e-07,160.43640250167076,15882219.955124673,5.170829876294559e-08,1242571.1193408184,18367362.19380627,0.017780186445668787,0.00027701429436768665,22,17113250.693940733,17311419.397523105,17113250.693940766,198168.7035823539,10.1332241525901,1.0
1.0117533979883671e-20,3.164135620181696e-15,2.5933649514417877e-13,False,4.199292574812707e-21,1.0008350545417485e-07,20265996.640312172,-7.33773696324593e-08,1.7189488302582585e-21,7.431185683085576e-08,18789075.818333235,7.297617606482366e-25,4.199292574812707e-21,1.0008350545417485e-07,20265996.640312172,7.33773696324593e-08,-2.0266448305180202e-08,-2.0266448305180202e-08,1.1509487751143433e-07,1.1509487751143433e-07,160.68399451019053,15619851.189087566,6.28748348453959e-08,1510827.8939507902,18641506.976989146,2.0266448305180202e-08,2.0266448305180202e-08,1.1509487751143433e-07,1.1509487751143433e-07,160.6839945101944,15619851.189079547,6.287483484573364e-08,1510827.8939589057,18641506.976997357,0.021452858290394866,0.00033423431298895917,23,17113969.615649626,17317836.730126947,17113969.615649648,203867.11447731033,10.1332241525901,1.0
1.0117533979883671e-20,4.912736883966318e-15,2.593359428481714e-13,False,4.199292574951211e-21,1.0008350545527518e-07,20264287.860609014,-7.337736632909395e-08,1.71894882998125e-21,7.431185682686399e-08,18789682.48140075,0.0,4.199292574951211e-21,1.0008350545527518e-07,20264287.860609017,7.337736632909397e-08,-2.0266448305180202e-08,-2.0266448305180202e-08,1.150979076128558e-07,1.150979076128558e-07,160.90987988182283,15395920.161260704,7.241678818769496e-08,1740021.1586404424,18875962.47854084,2.0266448305180202e-08,2.0266448305180202e-08,1.1509790761285578e-07,1.1509790761285578e-07,160.9098798818324,15395920.161246905,7.241678818827944e-08,1740021.1586544868,18875962.478555128,0.025850187984623428,0.00040274445972285534,24,17113877.343152467,17316673.08611748,17113877.34315249,202795.7429650016,10.1332241525901,1.0
1.0117533979883671e-20,6.772360450213455e-15,2.5933536316846784e-13,False,4.1992925751384454e-21,1.0008350545676266e-07,20262298.703419708,-7.337736263116681e-08,1.7189488296067815e-21,7.431185682146776e-08,18790275.659239896,-1.4595235218496287e-24,4.1992925751384454e-21,1.0008350545676266e-07,20262298.703419704,7.337736263116681e-08,-2.0266448305180202e-08,-2.0266448305180202e-08,1.1510093545917649e-07,1.1510093545917649e-07,161.11293278317035,15209975.083473748,8.035234996431518e-08,1930594.2274102774,19071163.53828881,2.0266448305180202e-08,2.0266448305180202e-08,1.1510093545917649e-07,1.1510093545917649e-07,161.11293278318794,15209975.083448408,8.035234996538812e-08,1930594.2274360564,19071163.53831503,0.03111271574777497,0.00048473434320098387,25,17112991.633547775,17308098.439541817,17112991.633547798,195106.8059940301,10.1332241525901,1.0
1.0117533979883671e-20,2.0872192862952943e-14,2.59334755293822e-13,False,4.199292575347616e-21,1.0008350545842441e-07,20259991.37418271,-7.337735848914202e-08,1.718948829188441e-21,7.431185681543934e-08,18790846.08892393,0.0,4.199292575347616e-21,1.0008350545842441e-07,20259991.374182712,7.337735848914202e-08,-2.0266448305180202e-08,-2.0266448305180202e-08,1.151039588731333e-07,1.151039588731333e-07,161.29286300778,15060511.84401533,8.674434028657106e-08,2084062.5706722997,19228636.985347137,2.0266448305180202e-08,2.0266448305180202e-08,1.1510395887313329e-07,1.1510395887313329e-07,161.29286300780026,15060511.8439844,8.674434028787933e-08,2084062.5707037318,19228636.98537907,0.037408494016995274,0.000582822210843582,26,17111359.924865276,17292532.842246987,17111359.924865335,181172.9173816815,10.1332241525901,1.0
1.0117533979883671e-20,3.0531133177191805e-15,2.593341183913521e-13,False,4.1992925754576186e-21,1.0008350545929832e-07,20257323.385049887,-7.337735384787054e-08,1.7189488289684335e-21,7.431185681226896e-08,18791388.761596598,-7.297617611958184e-25,4.1992925754576186e-21,1.0008350545929832e-07,20257323.385049887,7.337735384787054e-08,-2.0266448305180202e-08,-2.0266448305180202e-08,1.1510697584667227e-07,1.1510697584667227e-07,161.45003719142218,14945279.101989672,9.168728816680008e-08,2202703.1203266345,19350685.342631347,2.0266448305180202e-08,2.0266448305180202e-08,1.1510697584667226e-07,1.1510697584667227e-07,161.4500371914348,14945279.101968262,9.168728816770394e-08,2202703.120348349,19350685.342653368,0.04493915654013814,0.0007001495049832773,27,17109052.25352891,17270572.68319333,17109052.25352888,161520.429664433,10.1332241525901,1.0
1.0117533979883671e-20,9.658940314238862e-15,2.593334516342031e-13,False,4.199292575277245e-21,1.0008350545786536e-07,20254246.96927379,-7.337734864531208e-08,1.7189488293291827e-21,7.431185681746748e-08,18791905.336954184,0.0,4.199292575277245e-21,1.0008350545786536e-07,20254246.9692738,7.337734864531207e-08,-2.0266448305180202e-08,-2.0266448305180202e-08,1.1510998460643445e-07,1.1510998460643447e-07,161.58534394927148,14861490.658006553,9.52984356886125e-08,2289337.9493102655,19440166.556625687,2.0266448305180202e-08,2.0266448305180202e-08,1.1510998460643447e-07,1.1510998460643447e-07,161.58534394928884,14861490.657980008,9.529843568973499e-08,2289337.949337231,19440166.556653075,0.05394699449531535,0.0008404911084055367,28,17106154.603463557,17242942.454028986,17106154.603463568,136787.85056542605,10.1332241525901,1.0
1.0117533979883674e-20,5.662137425588298e-15,2.593327542397158e-13,False,4.199292574699694e-21,1.00083505453277e-07,20250709.23873916,-7.337734280970471e-08,1.7189488304842867e-21,7.43118568341129e-08,18792402.47011342,7.297617605522787e-25,4.199292574699694e-21,1.00083505453277e-07,20250709.238739166,7.337734280970471e-08,-2.0266448305180202e-08,-2.0266448305180202e-08,1.1511298355513859e-07,1.1511298355513859e-07,161.7000921473481,14805959.975472057,9.771203065845257e-08,2347197.0224782433,19500354.02042255,2.0266448305180202e-08,2.0266448305180202e-08,1.151129835551386e-07,1.151129835551386e-07,161.7000921473638,14805959.975446343,9.771203065953871e-08,2347197.0225043334,19500354.02044902,0.06472325969750427,0.0010083847078357386,29,17102763.11651186,17210474.915309194,17102763.11651185,107711.7987973392,10.1332241525901,1.0
1.0117533979883671e-20,3.497202527569243e-15,2.5933202557465826e-13,False,4.199292573927231e-21,1.000835054471402e-07,20246653.52755087,-7.33773362568144e-08,1.7189488320292098e-21,7.431185685637575e-08,18792886.71122395,0.0,4.199292573927231e-21,1.000835054471402e-07,20246653.52755088,7.33773362568144e-08,-2.0266448305180202e-08,-2.0266448305180202e-08,1.1511597064757382e-07,1.1511597064757382e-07,161.79589559648358,14775219.032643057,9.907427028042898e-08,2379796.656462483,19534812.345539626,2.0266448305180202e-08,2.0266448305180202e-08,1.1511597064757381e-07,1.1511597064757382e-07,161.7958955964821,14775219.03264611,9.907427028030049e-08,2379796.6564593967,19534812.345536504,0.07761624769794148,0.001209256728168359,30,17098979.58686502,17174110.501155347,17098979.586865008,75130.9142903313,10.1332241525901,1.0
1.0117533979883671e-20,3.885780586188048e-15,2.5933126529286496e-13,False,4.199292573555164e-21,1.0008350544418432e-07,20242021.39123095,-7.337732889015843e-08,1.7189488327733436e-21,7.431185686709896e-08,18793361.03486441,0.0,4.199292573555164e-21,1.0008350544418432e-07,20242021.39123096,7.337732889015843e-08,-2.0266448305180202e-08,-2.0266448305180202e-08,1.1511894237498575e-07,1.1511894237498575e-07,161.8745348805396,14765658.53160071,9.953734164633787e-08,2390796.344670575,19547251.220923074,2.0266448305180202e-08,2.0266448305180202e-08,1.1511894237498576e-07,1.1511894237498576e-07,161.87453488054655,14765658.531587984,9.953734164687452e-08,2390796.3446834646,19547251.220936127,0.09303817128879589,0.0014495294212791554,31,17094908.056578055,17134894.4989935,17094908.05657806,39986.44241544604,10.1332241525901,1.0
1.0117533979883671e-20,5.440092820663267e-15,2.593304731606445e-13,False,4.199292574247025e-21,1.000835054496808e-07,20236752.181493346,-7.337732060411796e-08,1.7189488313896216e-21,7.431185684715908e-08,18793829.43662508,0.0,4.199292574247025e-21,1.000835054496808e-07,20236752.181493357,7.337732060411796e-08,-2.0266448305180202e-08,-2.0266448305180202e-08,1.1512189387330473e-07,1.1512189387330473e-07,161.9378281098809,14773708.060014075,9.925180661980087e-08,2383815.8158618044,19541339.691725075,2.0266448305180202e-08,2.0266448305180202e-08,1.1512189387330473e-07,1.1512189387330473e-07,161.93782810990078,14773708.059985917,9.925180662099293e-08,2383815.815890435,19541339.691754177,0.11147768100888523,0.001736815934792682,32,17090650.4680969,17093934.11947786,17090650.46809686,3283.6513809785247,10.1332241525901,1.0
1.0117533979883671e-20,1.199040866595169e-14,2.593296487696212e-13,False,4.199292575875579e-21,1.000835054626188e-07,20230779.94549871,-7.337731129181615e-08,1.718948828132512e-21,7.431185680022305e-08,18794311.924401365,0.0,4.199292575875581e-21,1.0008350546261881e-07,20230779.945498716,7.337731129181614e-08,-2.0266448305180202e-08,-2.0266448305180202e-08,1.151248195220982e-07,1.151248195220982e-07,161.98749336315922,14796053.977955282,9.835740584521073e-08,2362214.1591734625,19520482.29590269,2.0266448305180202e-08,2.0266448305180202e-08,1.151248195220982e-07,1.151248195220982e-07,161.98749336317684,14796053.977929778,9.835740584629015e-08,2362214.159199387,19520482.295929037,0.133519117773169,0.0020802202669556557,33,17086302.573406227,17052319.555080097,17086302.573406205,-33983.01832611859,10.1332241525901,1.0
1.0117533979883671e-20,7.66053886991358e-15,2.593287911135166e-13,False,4.199292576311861e-21,1.0008350546608483e-07,20224027.141837884,-7.337730085360995e-08,1.718948827259949e-21,7.431185678764914e-08,18794865.865633003,0.0,4.199292576311861e-21,1.0008350546608483e-07,20224027.14183789,7.337730085360993e-08,-2.0266448305180202e-08,-2.0266448305180202e-08,1.1512771439803844e-07,1.1512771439803844e-07,162.02505129210385,14829827.92004228,9.697511956626604e-08,2328899.1663909033,19487626.250860397,2.0266448305180202e-08,2.0266448305180202e-08,1.1512771439803844e-07,1.1512771439803844e-07,162.02505129210965,14829827.920031885,9.69751195667045e-08,2328899.166401433,19487626.250871062,0.15987507500505052,0.002490844582807703,34,17081950.52215835,17011022.731731012,17081950.52215837,-70927.79042734951,10.1332241525901,1.0
1.0117533979883673e-20,9.71445146547012e-15,2.5932789822052994e-13,False,4.199292570333715e-21,1.000835054185916e-07,20216397.037082683,-7.337728920093832e-08,1.718948839216243e-21,7.431185695994328e-08,18795604.95738368,7.297617568452178e-25,4.199292570333715e-21,1.000835054185916e-07,20216397.03708269,7.33772892009383e-08,-2.0266448305180202e-08,-2.0266448305180202e-08,1.151305759571116e-07,1.151305759571116e-07,162.0517890193048,14872706.274860691,9.520299037179315e-08,2286227.070172999,19445160.40985865,2.0266448305180202e-08,2.0266448305180202e-08,1.1513057595711158e-07,1.151305759571116e-07,162.0517890193094,14872706.274853362,9.520299037210286e-08,2286227.0701804366,19445160.4098662,0.1914349509147173,0.0029825456559186524,35,17077669.28985001,16970808.159060005,17077669.289849993,-106861.13078999892,10.1332241525901,1.0
1.0117533979883671e-20,1.2712053631958042e-14,2.5932696751542565e-13,False,4.1992925492389706e-21,1.0008350525100497e-07,20207772.338423107,-7.337727625754856e-08,1.71894888140573e-21,7.431185756790767e-08,18796706.79609069,0.0,4.1992925492389706e-21,1.0008350525100497e-07,20207772.338423114,7.337727625754856e-08,-2.0266448305180202e-08,-2.0266448305180202e-08,1.1513340380477277e-07,1.1513340380477277e-07,162.0687838273313,14922865.811172735,9.311799959632509e-08,2236047.764454227,19394961.329974428,2.0266448305180202e-08,2.0266448305180202e-08,1.1513340380477277e-07,1.1513340380477279e-07,162.06878382734362,14922865.811153619,9.31179995971333e-08,2236047.764473634,19394961.329994127,0.22930725393778378,0.0035725939847183535,36,17073525.339979578,16932203.03643497,17073525.33997967,-141322.30354465544,10.1332241525901,1.0
1.0117533979883671e-20,8.326672684688674e-15,2.5932599527666737e-13,False,4.19929250163377e-21,1.0008350487280672e-07,20198007.38339665,-7.337726193161233e-08,1.7189489766161302e-21,7.431185893992086e-08,18798405.93036929,7.297616985135371e-25,4.199292501633772e-21,1.0008350487280673e-07,20198007.383396648,7.33772619316123e-08,-2.0266448305180202e-08,-2.0266448305180202e-08,1.1513620245618576e-07,1.1513620245618576e-07,162.07700853913585,14978905.625953987,9.077941039019208e-08,2179785.116954129,19338475.845700692,2.0266448305180202e-08,2.0266448305180202e-08,1.1513620245618576e-07,1.1513620245618576e-07,162.07700853914105,14978905.6259454,9.077941039055481e-08,2179785.116962839,19338475.845709525,0.27491590463920645,0.004283174170686795,37,17069574.683805853,16895460.194676124,17069574.683805965,-174114.48912978545,10.1332241525901,1.0
1.0117533979883671e-20,1.4432899320127035e-14,2.5932497722511857e-13,False,4.199292415656516e-21,1.000835041897627e-07,20186931.9377549,-7.337724608346209e-08,1.718949148570638e-21,7.431186141784173e-08,18800971.09263383,0.0,4.199292415656517e-21,1.000835041897627e-07,20186931.937754925,7.337724608346206e-08,-2.0266448305180202e-08,-2.0266448305180202e-08,1.1513898021570173e-07,1.1513898021570173e-07,162.07742075949443,15039684.032389384,8.823565367192098e-08,2118602.485806264,19276888.989405587,2.0266448305180202e-08,2.0266448305180202e-08,1.1513898021570172e-07,1.1513898021570172e-07,162.07742075950642,15039684.032371907,8.823565367266078e-08,2118602.485824028,19276888.989423633,0.33008133379190463,0.005142648421810178,38,17065865.332594406,16860602.68376346,17065865.33259436,-205262.64883092418,10.1332241525901,1.0
1.0117533979883671e-20,9.381384558082573e-15,2.593239344720178e-13,False,4.199292286353953e-21,1.0008350316252187e-07,20174668.81947464,-7.33772289081996e-08,1.7189494071757655e-21,7.431186514442617e-08,18804568.250124723,-7.297615157240206e-25,4.199292286353953e-21,1.0008350316252187e-07,20174668.819474667,7.33772289081996e-08,-2.0266448305180202e-08,-2.0266448305180202e-08,1.1514168400099032e-07,1.1514168400099032e-07,162.07127658770148,15102634.467330024,8.559508732393015e-08,2055104.038991414,19212842.53517609,2.0266448305180202e-08,2.0266448305180202e-08,1.1514168400099033e-07,1.1514168400099033e-07,162.07127658771,15102634.46731626,8.559508732451177e-08,2055104.0390053783,19212842.53519026,0.39540144584458764,0.006160332055420219,39,17062512.96383932,16828228.569266155,17062512.963839352,-234284.39457318187,10.1332241525901,1.0
1.0117533979883671e-20,8.770761894538737e-15,2.593228766693564e-13,False,4.199292117599661e-21,1.0008350182185779e-07,20161271.960745227,-7.337721035807895e-08,1.7189497446843493e-21,7.431187000803465e-08,18809275.68514561,0.0,4.19929211759966e-21,1.0008350182185778e-07,20161271.96074525,7.337721035807897e-08,-2.0266448305180202e-08,-2.0266448305180202e-08,1.1514430111791693e-07,1.1514430111791693e-07,162.06019004549526,15165987.162919838,8.293306530509214e-08,1991099.4334062561,19148186.026329853,2.0266448305180202e-08,2.0266448305180202e-08,1.1514430111791693e-07,1.1514430111791693e-07,162.06019004550464,15165987.162906658,8.293306530565027e-08,1991099.433419656,19148186.026343472,0.4719214713820205,0.007352509704626642,40,17059552.431823414,16798267.13571589,17059552.431823518,-261285.2961075753,10.1332241525901,1.0
1.011753397988367e-20,8.382183835919932e-15,2.593218039404799e-13,False,4.1992919215634584e-21,1.0008350026445324e-07,20146707.823532104,-7.33771901236452e-08,1.7189501367567535e-21,7.431187565792472e-08,18815104.87811634,0.0,4.1992919215634584e-21,1.0008350026445324e-07,20146707.823532123,7.33771901236452e-08,-2.0266448305180202e-08,-2.0266448305180202e-08,1.151468438731507e-07,1.151468438731507e-07,162.04565187216429,15228727.007495152,8.02932807339251e-08,1927636.9980201814,19084001.00353138,2.0266448305180202e-08,2.0266448305180202e-08,1.151468438731507e-07,1.151468438731507e-07,162.0456518721694,15228727.007486016,8.029328073431078e-08,1927636.9980294406,19084001.00354076,0.5614045487659106,0.00874665096490492,41,17056969.495655842,16770323.684016481,17056969.495655853,-286645.81163936853,10.1332241525901,1.0
1.0117533979883671e-20,5.329070518200751e-15,2.5932071602898287e-13,False,4.1992917181909205e-21,1.0008349864876532e-07,20130949.607657414,-7.337716779014318e-08,1.7189505435018305e-21,7.431188151925186e-08,18821989.769408084,7.297610333093086e-25,4.1992917181909205e-21,1.0008349864876532e-07,20130949.60765742,7.337716779014318e-08,-2.0266448305180202e-08,-2.0266448305180202e-08,1.1514932174589103e-07,1.1514932174589103e-07,162.02894384696424,15290019.117174234,7.771173429087826e-08,1865580.3558274545,19021179.823580593,2.0266448305180202e-08,2.0266448305180202e-08,1.1514932174589101e-07,1.1514932174589101e-07,162.0289438469659,15290019.117170274,7.771173429104492e-08,1865580.3558314554,19021179.823584635,0.6659169340630176,0.01037494798834892,42,17054741.37343483,16744074.708609715,17054741.37343487,-310666.664825134,10.1332241525901,1.0
1.0117533979883671e-20,5.384581669432009e-15,2.5931961559340303e-13,False,4.199291532678009e-21,1.0008349717496269e-07,20114026.868106425,-7.337714295788827e-08,1.7189509145276557e-21,7.431188686585229e-08,18829781.950090215,7.297608757945202e-25,4.199291532678007e-21,1.0008349717496266e-07,20114026.868106436,7.33771429578883e-08,-2.0266448305180202e-08,-2.0266448305180202e-08,1.151517325399638e-07,1.1515173253996382e-07,162.01115707766203,15349010.653271291,7.522505116707566e-08,1805808.387523383,18960627.408107754,2.0266448305180202e-08,2.0266448305180202e-08,1.1515173253996382e-07,1.1515173253996382e-07,162.0111570776655,15349010.653266668,7.522505116727167e-08,1805808.387528088,18960627.40811254,0.7874897167950209,0.012269045034278702,43,17052847.576666426,16719377.612540944,17052847.57666642,-333469.96412547864,10.1332241525901,1.0
1.0117533979883671e-20,5.995204332975845e-15,2.5931850518070265e-13,False,4.1992913898738196e-21,1.0008349604045839e-07,20095986.255244926,-7.337711526435823e-08,1.718951200136031e-21,7.431189098155952e-08,18838290.43936616,7.297607545427836e-25,4.1992913898738196e-21,1.0008349604045839e-07,20095986.255244948,7.337711526435822e-08,-2.0266448305180202e-08,-2.0266448305180202e-08,1.1515406902674076e-07,1.1515406902674076e-07,161.99312973995458,15405006.800705567,7.286305807620916e-08,1749036.7905330434,18903080.34196585,2.0266448305180202e-08,2.0266448305180202e-08,1.1515406902674076e-07,1.1515406902674076e-07,161.99312973995603,15405006.800704163,7.286305807626908e-08,1749036.7905344814,18903080.341967322,0.9283028362220845,0.014462905432480707,44,17051266.36079324,16696197.88934929,17051266.360793237,-355068.47144395113,10.1332241525901,1.0
1.0117533979883671e-20,6.661338147750939e-15,2.5931738531605613e-13,False,4.199291308410585e-21,1.0008349539327575e-07,20076855.324806657,-7.337708440783274e-08,1.7189513630625025e-21,7.431189332938141e-08,18847325.28963419,0.0,4.199291308410584e-21,1.0008349539327575e-07,20076855.324806668,7.337708440783277e-08,-2.0266448305180202e-08,-2.0266448305180202e-08,1.1515632288195658e-07,1.1515632288195658e-07,161.97541856550126,15457545.847767698,7.064560589273324e-08,1695741.7156262156,18849029.224391706,2.0266448305180202e-08,2.0266448305180202e-08,1.1515632288195658e-07,1.1515632288195658e-07,161.97541856551027,15457545.847753605,7.064560589332935e-08,1695741.7156405244,18849029.224406227,1.0909511919979034,0.016996957572090212,45,17049976.587899566,16674564.239035726,17049976.58789951,-375412.3488638103,10.1332241525901,1.0
1.011753397988367e-20,2.0095036745715333e-14,2.5931626206785464e-13,False,4.199291295821827e-21,1.0008349529326469e-07,20056770.36260631,-7.337705043032333e-08,1.7189513882400165e-21,7.431189369219733e-08,18856658.617156763,-7.297606746854313e-25,4.199291295821827e-21,1.0008349529326469e-07,20056770.362606317,7.337705043032333e-08,-2.0266448305180202e-08,-2.0266448305180202e-08,1.1515847088443738e-07,1.151584708844374e-07,161.95844623319738,15506040.850614,6.859771022651491e-08,1646523.6289354376,18799088.05268714,2.0266448305180202e-08,2.0266448305180202e-08,1.151584708844374e-07,1.151584708844374e-07,161.95844623320383,15506040.850603288,6.859771022696757e-08,1646523.6289463025,18799088.052698154,1.2772714073707356,0.01989981593893897,46,17048967.551490724,16654684.348551817,17048967.55149092,-394283.2029390037,10.1332241525901,1.0
1.0117533979883674e-20,8.992806499463768e-15,2.593151310839244e-13,False,4.199291344352935e-21,1.0008349567881887e-07,20035692.33531787,-7.337701329247321e-08,1.718951291177803e-21,7.431189229350021e-08,18866170.647371884,7.2976071589205935e-25,4.199291344352935e-21,1.0008349567881887e-07,20035692.335317887,7.337701329247321e-08,-2.0266448305180202e-08,-2.0266448305180202e-08,1.1516050748294638e-07,1.1516050748294638e-07,161.94228368208167,15550500.304463893,6.671914764111336e-08,1601376.5945657752,18753253.452925593,2.0266448305180202e-08,2.0266448305180202e-08,1.1516050748294638e-07,1.1516050748294639e-07,161.94228368209548,15550500.30444305,6.671914764199543e-08,1601376.594586946,18753253.45294709,1.490875094451006,0.023227749244457894,47,17048223.54753342,16636623.369756553,17048223.547533363,-411600.1777768396,10.1332241525901,1.0
1.0117533979883671e-20,1.5432100042289676e-14,2.593139885950346e-13,False,4.199291430131456e-21,1.0008349636028418e-07,20013583.885258827,-7.33769731692689e-08,1.7189511196207596e-21,7.431188982130897e-08,18875765.60400413,-7.297607887246079e-25,4.199291430131456e-21,1.0008349636028418e-07,20013583.885258824,7.33769731692689e-08,-2.0266448305180202e-08,-2.0266448305180202e-08,1.1516242305944291e-07,1.1516242305944293e-07,161.92696927149152,15590825.147962717,6.501416327581333e-08,1560402.0668008644,18711629.265246883,2.0266448305180202e-08,2.0266448305180202e-08,1.1516242305944291e-07,1.1516242305944291e-07,161.92696927150055,15590825.147948092,6.501416327643185e-08,1560402.0668157097,18711629.265261948,1.735874824634613,0.02704483111727583,48,17047737.60775654,16620505.75289425,17047737.607756726,-427231.85486238264,10.1332241525901,1.0
1.0117533979883673e-20,1.1657341758564144e-14,2.593128392841601e-13,False,4.199291511094176e-21,1.0008349700349046e-07,19990572.491810597,-7.337693076949292e-08,1.7189509576953216e-21,7.431188748791207e-08,18885302.44437032,7.297608574681837e-25,4.199291511094176e-21,1.0008349700349046e-07,19990572.491810594,7.337693076949294e-08,-2.0266448305180202e-08,-2.0266448305180202e-08,1.1516419416292038e-07,1.1516419416292038e-07,161.91255315329255,15626729.196724763,6.349488087420423e-08,1523890.9641103204,18674511.12470434,2.0266448305180202e-08,2.0266448305180202e-08,1.1516419416292038e-07,1.1516419416292038e-07,161.91255315330338,15626729.196709841,6.349488087483667e-08,1523890.9641254991,18674511.124719772,2.0148754074346154,0.031391644341573766,49,17047508.730188273,16606572.001697883,17047508.73018824,-440936.728490375,10.1332241525901,1.0
1.0117533979883671e-20,1.1379786002407855e-14,2.5931168329711944e-13,False,4.199291529451504e-21,1.000834971493298e-07,19966705.514274545,-7.337688687362228e-08,1.718950920980664e-21,7.431188695884219e-08,18894700.52217138,0.0,4.199291529451504e-21,1.000834971493298e-07,19966705.514274538,7.337688687362226e-08,-2.0266448305180202e-08,-2.0266448305180202e-08,1.1516580806867315e-07,1.1516580806867315e-07,161.89896048701803,15658217.749197712,6.216110108074052e-08,1491838.1453010235,18641894.02263253,2.0266448305180202e-08,2.0266448305180202e-08,1.1516580806867315e-07,1.1516580806867315e-07,161.89896048701326,15658217.749203363,6.216110108050023e-08,1491838.1452952567,18641894.02262665,2.3314840807273347,0.03632438947846387,50,17047531.91426436,16594954.851511776,17047531.914264444,-452577.06275262684,10.1332241525901,1.0
1.0117533979883673e-20,1.27675647831893e-14,2.59310523329e-13,False,4.1992914150713065e-21,1.000834962406392e-07,19942087.31906511,-7.337684253078445e-08,1.7189511497410604e-21,7.431189025535205e-08,18903875.14466205,0.0,4.1992914150713065e-21,1.000834962406392e-07,19942087.319065105,7.337684253078444e-08,-2.0266448305180202e-08,-2.0266448305180202e-08,1.1516725259618376e-07,1.1516725259618376e-07,161.8861312567373,15685314.502499506,6.10118676911008e-08,1464220.335069228,18613755.079354443,2.0266448305180202e-08,2.0266448305180202e-08,1.1516725259618376e-07,1.1516725259618376e-07,161.88613125674632,15685314.502487995,6.101186769158944e-08,1464220.3350809552,18613755.079366386,2.6886693939876727,0.041889316360061137,51,17047798.742784243,16585757.312746229,17047798.74278405,-462041.43003791757,10.1332241525901,1.0
1.0117533979883671e-20,1.1324274851176597e-14,2.593093595283179e-13,False,4.199291090263552e-21,1.0008349366021206e-07,19916773.323887147,-7.337679880042099e-08,1.718951799356568e-21,7.431189961651592e-08,18912772.60758323,0.0,4.199291090263552e-21,1.0008349366021206e-07,19916773.323887154,7.337679880042098e-08,-2.0266448305180202e-08,-2.0266448305180202e-08,1.1516852383721383e-07,1.1516852383721383e-07,161.87397830790457,15708192.423646728,6.003993224033394e-08,1440863.1022938136,18589918.37808808,2.0266448305180202e-08,2.0266448305180202e-08,1.1516852383721383e-07,1.1516852383721383e-07,161.87397830791164,15708192.423637696,6.003993224071729e-08,1440863.1023030132,18589918.378097452,3.090130930703869,0.04814406428686339,52,17048296.410606317,16578995.07217752,17048296.410606273,-469301.33842877485,10.1332241525901,1.0
1.0117533979883671e-20,1.4654943925052066e-14,2.5930819419935446e-13,False,4.199290475551279e-21,1.0008348877664532e-07,19890868.037406847,-7.337675685879521e-08,1.7189530287811136e-21,7.431191733290404e-08,18921327.65162356,0.0,4.199290475551279e-21,1.0008348877664532e-07,19890868.03740684,7.337675685879521e-08,-2.0266448305180202e-08,-2.0266448305180202e-08,1.1516962032686733e-07,1.1516962032686733e-07,161.86244952094563,15727050.33294497,5.923698728019794e-08,1421566.628501676,18570183.090406343,2.0266448305180202e-08,2.0266448305180202e-08,1.1516962032686732e-07,1.1516962032686733e-07,161.86244952094538,15727050.33294423,5.923698728022852e-08,1421566.62850241,18570183.090407073,3.538839507704622,0.055134918416228904,53,17049006.568140853,16574635.765436742,17049006.568141326,-474370.80270434543,10.1332241525901,1.0
1.0117533979883668e-20,1.3877787807814457e-14,2.5930703049303905e-13,False,4.199289496376904e-21,1.0008348099761728e-07,19864499.11368633,-7.337671786899001e-08,1.7189549871298603e-21,7.431194555329797e-08,18929472.227193367,-7.297591468221074e-25,4.199289496376904e-21,1.0008348099761728e-07,19864499.11368628,7.337671786899e-08,-2.0266448305180202e-08,-2.0266448305180202e-08,1.1517054521795196e-07,1.1517054521795196e-07,161.85151364660433,15742149.598800816,5.8592111906044454e-08,1406068.3540146686,18554285.466091078,2.0266448305180202e-08,2.0266448305180202e-08,1.1517054521795196e-07,1.1517054521795196e-07,161.85151364661368,15742149.598787125,5.859211190662426e-08,1406068.3540285826,18554285.466105215,4.037148147087876,0.06289853869872038,54,17049905.09262875,16572582.792752542,17049905.0926289,-477322.29987628385,10.1332241525901,1.0
1.0117533979883671e-20,1.7985612998927536e-14,2.593058671942775e-13,False,4.199288082277652e-21,1.0008346976333651e-07,19837696.426866736,-7.337668275380881e-08,1.718957815328368e-21,7.431198630845053e-08,18937169.255105354,-7.297579461505658e-25,4.199288082277651e-21,1.0008346976333651e-07,19837696.42686675,7.337668275380881e-08,-2.0266448305180202e-08,-2.0266448305180202e-08,1.151713091303054e-07,1.151713091303054e-07,161.84111290040647,15753851.720617726,5.809014349962273e-08,1394003.8390598223,18541858.136113383,2.0266448305180202e-08,2.0266448305180202e-08,1.1517130913030538e-07,1.1517130913030538e-07,161.84111290040872,15753851.72061197,5.8090143499864876e-08,1394003.8390656337,18541858.13611925,4.589130178747722,0.07149838738259862,55,17050967.902191658,16572684.534486232,17050967.9021917,-478283.3677054439,10.1332241525901,1.0
1.011753397988367e-20,4.2521541843143495e-14,2.59304710404487e-13,False,4.199286183250699e-21,1.0008345467655423e-07,19810658.15508434,-7.337665251431051e-08,1.7189616133822717e-21,7.43120410394275e-08,18944334.06554676,0.0,4.199286183250699e-21,1.0008345467655423e-07,19810658.155084345,7.337665251431051e-08,-2.0266448305180202e-08,-2.0266448305180202e-08,1.1517192103281257e-07,1.1517192103281257e-07,161.83126631563232,15762471.88658138,5.7717930621700364e-08,1385057.0350678451,18532584.214431763,2.0266448305180202e-08,2.0266448305180202e-08,1.1517192103281261e-07,1.1517192103281261e-07,161.83126631565037,15762471.886549966,5.771793062302732e-08,1385057.035099687,18532584.21446403,5.195163043242051,0.08094034497030543,56,17052162.272122014,16574753.040065212,17052162.272121057,-477409.2320563216,10.1332241525901,1.0
1.0117533979883673e-20,1.8540724511240114e-14,2.5930355740747594e-13,False,4.199283750363047e-21,1.0008343534851946e-07,19783377.16235256,-7.33766277350288e-08,1.7189664791575793e-21,7.431211115643892e-08,18950940.54587306,7.297542680694121e-25,4.199283750363047e-21,1.0008343534851946e-07,19783377.162352595,7.33766277350288e-08,-2.0266448305180202e-08,-2.0266448305180202e-08,1.1517239729117085e-07,1.1517239729117085e-07,161.82192399377294,15768413.491192227,5.7458535849701894e-08,1378820.935970014,18526053.10850631,2.0266448305180202e-08,2.0266448305180202e-08,1.1517239729117085e-07,1.1517239729117085e-07,161.82192399378565,15768413.491173003,5.745853585051574e-08,1378820.9359895438,18526053.10852614,5.859753808172313,0.09129463131893278,57,17053463.4852555,16578585.406513957,17053463.485255655,-474878.07874161936,10.1332241525901,1.0
1.0117533979883671e-20,1.9595436384634013e-14,2.5930241346845557e-13,False,4.199280764064852e-21,1.000834116239138e-07,19756031.500121683,-7.337660901137158e-08,1.7189724517539673e-21,7.431219722283172e-08,18956918.58181916,0.0,4.199280764064852e-21,1.000834116239138e-07,19756031.500121664,7.337660901137158e-08,-2.0266448305180202e-08,-2.0266448305180202e-08,1.1517275163557349e-07,1.1517275163557349e-07,161.8131071141272,15772023.933497604,5.729743716785002e-08,1374946.6228273883,18521914.409638684,2.0266448305180202e-08,2.0266448305180202e-08,1.1517275163557349e-07,1.151727516355735e-07,161.81310711413172,15772023.93348921,5.729743716820413e-08,1374946.6228358857,18521914.40964729,6.582746369267315,0.10255881433280699,58,17054839.072804563,16583948.321284218,17054839.072804727,-470890.75152042694,10.1332241525901,1.0
1.0117533979883671e-20,1.892930256985892e-14,2.593012736828409e-13,False,4.199277192394415e-21,1.0008338324881149e-07,19728553.787929036,-7.337659659838322e-08,1.718979595094842e-21,7.431230015964145e-08,18962256.548259117,0.0,4.199277192394415e-21,1.0008338324881149e-07,19728553.787929036,7.337659659838322e-08,-2.0266448305180202e-08,-2.0266448305180202e-08,1.1517300137929161e-07,1.1517300137929161e-07,161.80476053868676,15773668.492505174,5.7219270715470325e-08,1373064.934933614,18519795.099587552,2.0266448305180202e-08,2.0266448305180202e-08,1.1517300137929162e-07,1.1517300137929162e-07,161.804760538694,15773668.49249542,5.721927071588398e-08,1373064.93494354,18519795.099597648,7.370120128096176,0.11482605274856286,59,17056270.459519997,16590654.03872576,17056270.459519815,-465616.420794148,10.1332241525901,1.0
1.0117533979883671e-20,1.9317880628477724e-14,2.5930014596406897e-13,False,4.199273054381604e-21,1.0008335037438738e-07,19701181.169444196,-7.337659075254231e-08,1.7189878711204628e-21,7.431241941828281e-08,18966887.031525508,-7.29745186634645e-25,4.199273054381604e-21,1.0008335037438738e-07,19701181.16944422,7.337659075254231e-08,-2.0266448305180202e-08,-2.0266448305180202e-08,1.1517316033733624e-07,1.1517316033733625e-07,161.79692481966816,15773662.532418456,5.721086503237615e-08,1372859.4380070008,18519377.699849233,2.0266448305180202e-08,2.0266448305180202e-08,1.1517316033733624e-07,1.1517316033733624e-07,161.7969248196645,15773662.532421585,5.7210865032242165e-08,1372859.438003786,18519377.699845932,8.218972888267446,0.12805113051135472,60,17057725.69116045,16598451.150892919,17057725.69116033,-459274.54026746936,10.1332241525901,1.0
1.011753397988367e-20,2.6423307986078726e-14,2.5929902511760657e-13,False,4.19926833652028e-21,1.0008331289333303e-07,19673830.47774809,-7.337659147769201e-08,1.7189973068431103e-21,7.431255538784716e-08,18970808.596559078,-7.297411810011535e-25,4.1992683365202804e-21,1.0008331289333303e-07,19673830.47774809,7.3376591477692e-08,-2.0266448305180202e-08,-2.0266448305180202e-08,1.1517324401337405e-07,1.1517324401337405e-07,161.78954581568698,15772303.702660859,5.7259682597299354e-08,1374028.8912480734,18520357.393507063,2.0266448305180202e-08,2.0266448305180202e-08,1.1517324401337406e-07,1.1517324401337406e-07,161.7895458157072,15772303.702631366,5.7259682598548615e-08,1374028.8912780508,18520357.393537525,9.135526415206236,0.14233098237292013,61,17059192.28190487,16607182.561725363,17059192.28190496,-452009.72017955035,10.1332241525901,1.0
1.0117533979883671e-20,2.4646951146678475e-14,2.5929791448822516e-13,False,4.199263065147223e-21,1.0008327101487092e-07,19646621.392647058,-7.337659871494877e-08,1.7190078495892253e-21,7.431270730912512e-08,18973991.361562163,0.0,4.199263065147223e-21,1.0008327101487092e-07,19646621.392647006,7.337659871494877e-08,-2.0266448305180202e-08,-2.0266448305180202e-08,1.151732654627391e-07,1.151732654627391e-07,161.78262803319922,15769855.431387348,5.735468271444803e-08,1376308.0438102055,18522467.120065086,2.0266448305180202e-08,2.0266448305180202e-08,1.1517326546273912e-07,1.1517326546273912e-07,161.7826280332121,15769855.431367066,5.7354682715305994e-08,1376308.0438307934,18522467.12008598,10.11946965829719,0.15766076218234898,62,17060649.78217274,16616649.437294662,17060649.78217231,-444000.34487786144,10.1332241525901,1.0
1.011753397988367e-20,2.120525977034049e-14,2.592968142112618e-13,False,4.1992572623651455e-21,1.0008322491458539e-07,19619591.7455709,-7.337661229534951e-08,1.719019455153379e-21,7.431287454492366e-08,18976426.419265192,0.0,4.1992572623651455e-21,1.0008322491458539e-07,19619591.74557094,7.337661229534951e-08,-2.0266448305180202e-08,-2.0266448305180202e-08,1.1517323687438948e-07,1.1517323687438948e-07,161.77615251587554,15766548.273454148,5.748617535559498e-08,1379464.0835422315,18525471.8164128,2.0266448305180202e-08,2.0266448305180202e-08,1.151732368743895e-07,1.151732368743895e-07,161.77615251587915,15766548.273448829,5.748617535582025e-08,1379464.0835476369,18525471.81641829,11.172708760334103,0.17407016753604165,63,17062084.828245357,16626692.67059628,17062084.828245573,-435392.1576491855,10.1332241525901,1.0
1.0117533979883674e-20,3.2085445411667024e-14,2.592957186621693e-13,False,4.199250920665804e-21,1.0008317453281536e-07,19592633.708489243,-7.337663210517851e-08,1.719032138552066e-21,7.431305731142164e-08,18978118.625255246,0.0,4.199250920665804e-21,1.0008317453281536e-07,19592633.70848923,7.337663210517849e-08,-2.0266448305180202e-08,-2.0266448305180202e-08,1.1517316854684981e-07,1.1517316854684981e-07,161.7700686097074,15762557.708680447,5.764674359651248e-08,1383318.7925016247,18529190.52756952,2.0266448305180202e-08,2.0266448305180202e-08,1.1517316854684981e-07,1.1517316854684981e-07,161.77006860972747,15762557.708650209,5.7646743597792617e-08,1383318.7925323434,18529190.52760072,12.303213254563756,0.19168336330907093,64,17063494.122252177,16637228.405353894,17063494.122251954,-426265.71689817123,10.1332241525901,1.0
1.0117533979883668e-20,2.6867397195928788e-14,2.5929463682054186e-13,False,4.199244120958922e-21,1.00083120512338e-07,19565995.308894765,-7.337665771822329e-08,1.7190457379658252e-21,7.431325327660584e-08,18979056.224568784,7.297206218130488e-25,4.199244120958922e-21,1.00083120512338e-07,19565995.308894757,7.337665771822329e-08,-2.0266448305180202e-08,-2.0266448305180202e-08,1.1517307034345242e-07,1.1517307034345242e-07,161.76440604096928,15758083.752821622,5.782803064999554e-08,1387671.4096421096,18533421.746283546,2.0266448305180202e-08,2.0266448305180202e-08,1.1517307034345243e-07,1.1517307034345243e-07,161.76440604098397,15758083.752799207,5.7828030650944234e-08,1387671.409664875,18533421.746306665,13.503833737829344,0.2103889622065575,65,17064857.960403346,16648049.503247553,17064857.960403226,-416808.45715573244,10.1332241525901,1.0
1.0117533979883671e-20,3.0753177782116836e-14,2.5929356421197956e-13,False,4.199236869640962e-21,1.0008306290395848e-07,19539589.944952402,-7.337668890892804e-08,1.7190602406017467e-21,7.431346225592537e-08,18979255.203423236,-7.297144656166267e-25,4.199236869640962e-21,1.0008306290395848e-07,19539589.944952298,7.337668890892803e-08,-2.0266448305180202e-08,-2.0266448305180202e-08,1.1517295002862746e-07,1.1517295002862746e-07,161.75911887136382,15753251.581920877,5.802473377183578e-08,1392394.5088631324,18538035.79061793,2.0266448305180202e-08,2.0266448305180202e-08,1.1517295002862748e-07,1.1517295002862748e-07,161.75911887136135,15753251.581923503,5.802473377172387e-08,1392394.5088604465,18538035.790615182,14.78111495984238,0.23028893105706574,66,17066176.127698157,16659094.31775695,17066176.127698332,-407081.8099412918,10.1332241525901,1.0
1.0117533979883671e-20,3.2862601528904634e-14,2.5929249613265283e-13,False,4.199229164473517e-21,1.0008300168988128e-07,19513321.86601578,-7.337672553532054e-08,1.7190756509366373e-21,7.431368431366971e-08,18978723.8724794,0.0,4.199229164473517e-21,1.0008300168988128e-07,19513321.866015796,7.337672553532053e-08,-2.0266448305180202e-08,-2.0266448305180202e-08,1.1517281376014168e-07,1.1517281376014168e-07,161.75416538890173,15748155.154412536,5.823286373767753e-08,1397392.2205683123,18542934.87314447,2.0266448305180202e-08,2.0266448305180202e-08,1.1517281376014168e-07,1.1517281376014169e-07,161.75416538891443,15748155.154393319,5.823286373849094e-08,1397392.220587831,18542934.873164292,16.143331861007916,0.25151219296183785,67,17067449.93981526,16670324.055042662,17067449.93981501,-397125.8847724721,10.1332241525901,1.0
1.0117533979883673e-20,3.452793606584237e-14,2.5929144208463736e-13,False,4.199221107931337e-21,1.0008293768421035e-07,19487441.556818698,-7.33767669403523e-08,1.7190917640209997e-21,7.431391649637845e-08,18977483.89049397,0.0,4.199221107931336e-21,1.0008293768421034e-07,19487441.556818675,7.33767669403523e-08,-2.0266448305180202e-08,-2.0266448305180202e-08,1.1517266848654543e-07,1.1517266848654543e-07,161.74956912696425,15742936.62434484,5.8446484175291776e-08,1402521.9283491038,18547975.90565153,2.0266448305180202e-08,2.0266448305180202e-08,1.1517266848654545e-07,1.1517266848654545e-07,161.7495691269651,15742936.624342334,5.8446484175397046e-08,1402521.9283516295,18547975.905654076,17.580367587340536,0.2739011279107263,68,17068665.37626507,16681563.087036023,17068665.376264755,-387102.28922889195,10.1332241525901,1.0
1.0117533979883671e-20,3.7192471324942744e-14,2.5929039803651064e-13,False,4.199212706352384e-21,1.0008287093728737e-07,19461863.815992784,-7.337681291085295e-08,1.7191085671789036e-21,7.431415862120875e-08,18975557.01847699,0.0,4.199212706352384e-21,1.0008287093728737e-07,19461863.815992817,7.337681291085295e-08,-2.0266448305180202e-08,-2.0266448305180202e-08,1.151725184943104e-07,1.151725184943104e-07,161.74529036683066,15737656.346675638,5.866301806774434e-08,1407721.6907935292,18553095.351020325,2.0266448305180202e-08,2.0266448305180202e-08,1.1517251849431042e-07,1.1517251849431042e-07,161.7452903668211,15737656.346689317,5.866301806716454e-08,1407721.6907796152,18553095.351006173,19.09899560093905,0.2975612660582917,69,17069825.92568887,16692789.591282036,17069825.925688885,-377036.33440684155,10.1332241525901,1.0
1.0117533979883671e-20,3.319566843629218e-14,2.592893578012998e-13,False,4.199203940424044e-21,1.0008280129567067e-07,19436449.147248358,-7.337686342352596e-08,1.719126099035583e-21,7.431441124453033e-08,18972950.935661793,7.296865108017471e-25,4.199203940424044e-21,1.0008280129567067e-07,19436449.1472483,7.337686342352598e-08,-2.0266448305180202e-08,-2.0266448305180202e-08,1.1517236680777243e-07,1.1517236680777243e-07,161.7412856572997,15732347.193691995,5.888103649507082e-08,1412957.1459952816,18558257.34963031,2.0266448305180202e-08,2.0266448305180202e-08,1.1517236680777245e-07,1.1517236680777245e-07,161.74128565734208,15732347.193630338,5.888103649768262e-08,1412957.146057956,18558257.349694,20.710882515918698,0.32267437258943077,70,17070937.70818864,16704017.359706476,17070937.70818926,-366920.3484824747,10.1332241525901,1.0
1.0117533979883671e-20,4.413136522884997e-14,2.5928832794904615e-13,False,4.199194895742447e-21,1.0008272943937491e-07,19411367.619410593,-7.337691786441776e-08,1.719144188398776e-21,7.431467189937917e-08,18969702.99258335,0.0,4.199194895742447e-21,1.0008272943937491e-07,19411367.619410627,7.337691786441776e-08,-2.0266448305180202e-08,-2.0266448305180202e-08,1.1517221756382432e-07,1.1517221756382432e-07,161.73756195623722,15727094.397708494,5.909697335250862e-08,1418142.6174487844,18563375.770016402,2.0266448305180202e-08,2.0266448305180202e-08,1.1517221756382434e-07,1.1517221756382434e-07,161.7375619562274,15727094.397720888,5.909697335198207e-08,1418142.6174361482,18563375.770003527,22.408453740561438,0.34912243579564367,71,17071993.904419016,16715132.30284431,17071993.904419556,-356861.60157497786,10.1332241525901,1.0
1.0117533979883671e-20,1.1501910535116622e-13,2.5928730791004876e-13,False,4.199185599342198e-21,1.0008265558316988e-07,19386611.595830534,-7.33769759433713e-08,1.7191627811992745e-21,7.431493980649577e-08,18965838.958707184,7.296709413162247e-25,4.199185599342198e-21,1.0008265558316988e-07,19386611.595830537,7.33769759433713e-08,-2.0266448305180202e-08,-2.0266448305180202e-08,1.1517207317300389e-07,1.1517207317300389e-07,161.73409804770245,15721934.484460313,5.930927301864955e-08,1423240.714383293,18568412.347406328,2.0266448305180202e-08,2.0266448305180202e-08,1.1517207317300385e-07,1.1517207317300385e-07,161.73409804772902,15721934.484421931,5.9309273020275814e-08,1423240.714422319,18568412.347445995,24.194434179656646,0.37694790953869145,72,17072996.39800033,16726106.118023947,17072996.397999987,-346890.2799762115,10.1332241525901,1.0
1.0117533979883671e-20,4.5075054799781356e-14,2.592862958897464e-13,False,4.199176063662346e-21,1.0008257982587026e-07,19362140.8649185,-7.337703747568728e-08,1.7191818525589802e-21,7.431521460725408e-08,18961379.455863673,0.0,4.199176063662346e-21,1.0008257982587026e-07,19362140.864918422,7.33770374756873e-08,-2.0266448305180202e-08,-2.0266448305180202e-08,1.1517193532075817e-07,1.1517193532075818e-07,161.73087124824525,15716887.561330654,5.951706635546254e-08,1428230.5363524742,18573345.380505107,2.0266448305180202e-08,2.0266448305180202e-08,1.1517193532075817e-07,1.1517193532075817e-07,161.73087124825375,15716887.5613151,5.951706635611935e-08,1428230.536368236,18573345.380521074,26.074220483280502,0.4062348733200669,73,17073948.566766415,16736930.508371376,17073948.566766694,-337018.0583951771,10.1332241525901,1.0
1.0117533979883671e-20,4.596323321948148e-14,2.592852941582085e-13,False,4.19916633749468e-21,1.0008250255510027e-07,19338012.252324082,-7.337710204961629e-08,1.7192013048943113e-21,7.431549489542725e-08,18956364.979711145,0.0,4.19916633749468e-21,1.0008250255510027e-07,19338012.252324063,7.337710204961629e-08,-2.0266448305180202e-08,-2.0266448305180202e-08,1.1517180584888972e-07,1.1517180584888972e-07,161.72787296550274,15711987.860976778,5.971890892481607e-08,1433077.3727960214,18578139.67264613,2.0266448305180202e-08,2.0266448305180202e-08,1.1517180584888968e-07,1.1517180584888968e-07,161.7278729655176,15711987.860954192,5.971890892577246e-08,1433077.372818973,18578139.672669444,28.045802488509015,0.4369520089156527,74,17074850.174353115,16747558.320311882,17074850.174352784,-327291.85404106975,10.1332241525901,1.0
1.0117533979883674e-20,4.013456234019941e-14,2.5928433310292396e-13,False,4.199156755276351e-21,1.0008242642783731e-07,19314955.158335317,-7.337716727471471e-08,1.7192204693309706e-21,7.431577103320874e-08,18951006.378939558,-7.296464573398479e-25,4.199156755276351e-21,1.0008242642783731e-07,19314955.158335302,7.337716727471471e-08,-2.0266448305180202e-08,-2.0266448305180202e-08,1.15171689452967e-07,1.15171689452967e-07,161.72516934861275,15707396.940188333,5.990811071367233e-08,1437620.5625254102,18582635.441697426,2.0266448305180202e-08,2.0266448305180202e-08,1.1517168945296703e-07,1.1517168945296703e-07,161.72516934860604,15707396.940198475,5.990811071324274e-08,1437620.5625151005,18582635.44168695,30.045802488509015,0.4681118952547711,75,17075677.950575843,16757653.866944024,17075677.950576734,-318024.08363226615,10.1332241525901,1.0
1.0117533979883671e-20,4.085620730620576e-14,2.5928342142402217e-13,False,4.199147452506632e-21,1.0008235252058182e-07,19293167.656906232,-7.337723198689173e-08,1.7192390748704066e-21,7.431603911595234e-08,18945437.364753082,0.0,4.199147452506632e-21,1.0008235252058182e-07,19293167.6569063,7.337723198689173e-08,-2.0266448305180202e-08,-2.0266448305180202e-08,1.1517158702177974e-07,1.1517158702177974e-07,161.7227519273929,15703155.766422113,6.008295179648589e-08,1441818.8050632048,18586791.045972843,2.0266448305180202e-08,2.0266448305180202e-08,1.151715870217797e-07,1.1517158702177971e-07,161.72275192740608,15703155.766400382,6.00829517974048e-08,1441818.8050852567,18586791.045995217,32.04580248850901,0.49927178159388946,76,17076430.691855498,16767126.089512546,17076430.691855974,-309304.60234319046,10.1332241525901,1.0
1.0117533979883671e-20,4.0523140398818214e-14,2.5928255384253606e-13,False,4.19913842059749e-21,1.0008228076511456e-07,19272515.30350245,-7.337729602367053e-08,1.71925713868869e-21,7.431629939131567e-08,18939705.738061085,0.0,4.19913842059749e-21,1.0008228076511456e-07,19272515.30350252,7.337729602367053e-08,-2.0266448305180202e-08,-2.0266448305180202e-08,1.1517149735427866e-07,1.1517149735427866e-07,161.7205766710426,15699233.198703378,6.024469221217769e-08,1445702.3630405404,18590635.867792863,2.0266448305180202e-08,2.0266448305180202e-08,1.151714973542787e-07,1.151714973542787e-07,161.72057667103982,15699233.198709095,6.024469221193641e-08,1445702.3630347494,18590635.867786996,34.04580248850901,0.5304316679330079,77,17077118.77936171,16776035.406006433,17077118.77936217,-301083.37335550785,10.1332241525901,1.0
1.0117533979883671e-20,3.6359804056473877e-14,2.592817259345475e-13,False,4.1991296497900155e-21,1.0008221108391336e-07,19252883.654227983,-7.337735927386157e-08,1.71927468030364e-21,7.431655214068543e-08,18933847.5669714,0.0,4.1991296497900155e-21,1.0008221108391336e-07,19252883.654227946,7.337735927386157e-08,-2.0266448305180202e-08,-2.0266448305180202e-08,1.1517141918599053e-07,1.1517141918599053e-07,161.71860776410705,15695599.01064941,6.039456238381035e-08,1449300.7909455039,18594198.78883937,2.0266448305180202e-08,2.0266448305180202e-08,1.1517141918599056e-07,1.1517141918599056e-07,161.71860776413152,15695599.010614976,6.039456238526978e-08,1449300.7909805253,18594198.788874976,36.04580248850901,0.5615915542721264,78,17077750.979512766,16784436.46476809,17077750.97951287,-293314.5147447288,10.1332241525901,1.0
1.0117533979883671e-20,3.4861002973229915e-14,2.592809339934681e-13,False,4.199121129654861e-21,1.0008214339412898e-07,19234174.412417896,-7.337742166425713e-08,1.719291720573948e-21,7.431679766475586e-08,18927891.81454143,0.0,4.199121129654861e-21,1.0008214339412898e-07,19234174.41241784,7.337742166425713e-08,-2.0266448305180202e-08,-2.0266448305180202e-08,1.1517135126895138e-07,1.1517135126895138e-07,161.71681656336355,15692224.063793726,6.05337544515986e-08,1452642.7250108384,18597507.94293511,2.0266448305180202e-08,2.0266448305180202e-08,1.1517135126895137e-07,1.1517135126895137e-07,161.71681656339155,15692224.063749403,6.053375445347371e-08,1452642.7250558361,18597507.94298078,38.04580248850901,0.5927514406112447,79,17078334.67000506,16792378.019144855,17078334.670004327,-285956.6508598402,10.1332241525901,1.0
1.0117533979883671e-20,3.269606807521086e-14,2.592801748228621e-13,False,4.199112849521768e-21,1.0008207761099749e-07,19216302.78553994,-7.337748314899414e-08,1.7193082808401343e-21,7.431703627115122e-08,18921863.68822766,0.0,4.199112849521768e-21,1.0008207761099749e-07,19216302.785539906,7.337748314899414e-08,-2.0266448305180202e-08,-2.0266448305180202e-08,1.151712924578693e-07,1.151712924578693e-07,161.71518007476257,15689081.668463267,6.066336360340655e-08,1455754.4730042107,18600589.256266937,2.0266448305180202e-08,2.0266448305180202e-08,1.1517129245786934e-07,1.1517129245786934e-07,161.71518007476695,15689081.668458324,6.066336360361677e-08,1455754.4730092548,18600589.25627208,40.04580248850901,0.6239113269503631,80,17078876.008356933,16799902.663249806,17078876.00835667,-278973.3451069966,10.1332241525901,1.0
1.0117533979883671e-20,3.6359804056473877e-14,2.592794456150928e-13,False,4.1991047988317775e-21,1.0008201365063854e-07,19199195.39445734,-7.337754370124526e-08,1.719324382220116e-21,7.43172682642766e-08,18915785.64485057,-7.296023588135774e-25,4.199104798831778e-21,1.0008201365063854e-07,19199195.394457288,7.337754370124524e-08,-2.0266448305180202e-08,-2.0266448305180202e-08,1.1517124174907514e-07,1.1517124174907514e-07,161.7136793442651,15686148.489454633,6.07843485293252e-08,1458659.0641224105,18603465.45266688,2.0266448305180202e-08,2.0266448305180202e-08,1.1517124174907517e-07,1.1517124174907517e-07,161.71367934424947,15686148.489475876,6.078434852842415e-08,1458659.064100787,18603465.452644877,42.04580248850901,0.6550712132894816,81,17079380.144933242,16807047.366191562,17079380.144934155,-272332.7787421383,10.1332241525901,1.0
1.0117533979883671e-20,2.986499936241671e-14,2.592787438635625e-13,False,4.199096967361122e-21,1.0008195143183414e-07,19182788.418989673,-7.337760330744182e-08,1.7193400451614275e-21,7.431749393886687e-08,18909677.258643743,0.0,4.199096967361122e-21,1.0008195143183414e-07,19182788.418989528,7.337760330744182e-08,-2.0266448305180202e-08,-2.0266448305180202e-08,1.1517119827172848e-07,1.1517119827172848e-07,161.7122983878908,15683404.389094751,6.089753694175276e-08,1461376.3815534636,18606156.161663216,2.0266448305180202e-08,2.0266448305180202e-08,1.1517119827172852e-07,1.1517119827172852e-07,161.71229838787767,15683404.38911064,6.089753694107737e-08,1461376.381537255,18606156.161646686,44.04580248850901,0.6862310996286,82,17079851.43182507,16813844.419521764,17079851.431825634,-266007.0123035908,10.1332241525901,1.0
1.0117533979883671e-20,3.7969627442180354e-14,2.5927806732823963e-13,False,4.1990893453270845e-21,1.0008189087686977e-07,19167025.98935895,-7.33776619635234e-08,1.719355289229503e-21,7.431771357693709e-08,18903555.10766669,-7.295892435330453e-25,4.199089345327084e-21,1.0008189087686976e-07,19167025.989358965,7.337766196352344e-08,-2.0266448305180202e-08,-2.0266448305180202e-08,1.1517116126173794e-07,1.1517116126173794e-07,161.71102351406643,15680831.876887208,6.100364797012376e-08,1463923.70044888,18608678.443984244,2.0266448305180202e-08,2.0266448305180202e-08,1.1517116126173799e-07,1.1517116126173799e-07,161.71102351407305,15680831.876877436,6.100364797053738e-08,1463923.7004588041,18608678.44399432,46.04580248850901,0.7173909859677184,83,17080293.589653235,16820322.336124703,17080293.58965325,-259971.2535285391,10.1332241525901,1.0
1.0117533979883671e-20,3.3362201889985954e-14,2.592774139823735e-13,False,4.199081923405324e-21,1.0008183191167197e-07,19151858.84416962,-7.337771967270295e-08,1.719370133073025e-21,7.431792744728401e-08,18897432.902017318,7.295829447679581e-25,4.199081923405324e-21,1.0008183191167197e-07,19151858.84416954,7.337771967270295e-08,-2.0266448305180202e-08,-2.0266448305180202e-08,1.1517113003426855e-07,1.1517113003426855e-07,161.70984285918607,15678415.519135749,6.11033164429452e-08,1466316.2712480668,18611047.367776576,2.0266448305180202e-08,2.0266448305180202e-08,1.1517113003426853e-07,1.1517113003426853e-07,161.70984285918595,15678415.519129718,6.11033164431965e-08,1466316.271254098,18611047.367782608,48.04580248850901,0.7485508723068368,84,17080709.83810088,16826506.617610324,17080709.83810112,-254203.22049067542,10.1332241525901,1.0
1.0117533979883671e-20,3.752553823233029e-14,2.5927678192581463e-13,False,4.199074692427489e-21,1.0008177446340615e-07,19137243.238303177,-7.337777644748504e-08,1.7193845950286924e-21,7.431813581420047e-08,18891321.894217823,0.0,4.1990746924274896e-21,1.0008177446340616e-07,19137243.238303218,7.337777644748504e-08,-2.0266448305180202e-08,-2.0266448305180202e-08,1.1517110396099186e-07,1.1517110396099186e-07,161.7087461244739,15676141.362582091,6.119711676217356e-08,1468567.8931202218,18613276.579093426,2.0266448305180202e-08,2.0266448305180202e-08,1.151711039609919e-07,1.151711039609919e-07,161.70874612451757,15676141.362522691,6.119711676469249e-08,1468567.8931806684,18613276.579154916,50.04580248850901,0.7797107586459553,85,17081102.99367291,16832420.336463984,17081102.99367246,-248682.65720869973,10.1332241525901,1.0
1.0117533979883671e-20,3.3584246494910985e-14,2.5927616923886984e-13,False,4.199067645134489e-21,1.0008171847440581e-07,19123140.103552002,-7.337783228666885e-08,1.719398689614693e-21,7.431833888695442e-08,18885231.518064957,-7.295708275284322e-25,4.199067645134489e-21,1.0008171847440581e-07,19123140.10355215,7.337783228666885e-08,-2.0266448305180202e-08,-2.0266448305180202e-08,1.1517108245731117e-07,1.1517108245731117e-07,161.7077244318882,15673996.516423928,6.128558024495892e-08,1470691.330401389,18615378.716770522,2.0266448305180202e-08,2.0266448305180202e-08,1.151710824573112e-07,1.151710824573112e-07,161.7077244319107,15673996.516390327,6.128558024638147e-08,1470691.3304355256,18615378.716805197,52.04580248850901,0.8108706449850737,86,17081475.55403878,16838084.29468864,17081475.55403908,-243391.25935029238,10.1332241525901,1.0
1.0117533979883671e-20,3.4861002973229915e-14,2.5927557421621936e-13,False,4.199060772560657e-21,1.0008166387344573e-07,19109514.399849795,-7.33778872188108e-08,1.7194124347623557e-21,7.431853692398256e-08,18879170.26527237,0.0,4.199060772560657e-21,1.0008166387344573e-07,19109514.39984971,7.33778872188108e-08,-2.0266448305180202e-08,-2.0266448305180202e-08,1.1517106497641528e-07,1.1517106497641528e-07,161.70677016625683,15671968.968601905,6.136920265357314e-08,1472698.4934094623,18617365.5903116,2.0266448305180202e-08,2.0266448305180202e-08,1.1517106497641531e-07,1.1517106497641531e-07,161.70677016627047,15671968.968583837,6.136920265433957e-08,1472698.493427854,18617365.590330314,54.04580248850901,0.842030531324192,87,17081829.630241536,16843518.312578708,17081829.63024139,-238311.31766275316,10.1332241525901,1.0
1.0117533979883668e-20,5.551115123125783e-15,2.592754572876173e-13,False,4.199059418147642e-21,1.000816531129503e-07,19106842.828686178,-7.337789809880294e-08,1.7194151435883855e-21,7.431857595202058e-08,18877961.593842734,-1.4591276917749335e-24,4.199059418147642e-21,1.000816531129503e-07,19106842.828686167,7.337789809880294e-08,-2.0266448305180202e-08,-2.0266448305180202e-08,1.1517106191475305e-07,1.1517106191475305e-07,161.7065870034694,15671576.060758546,6.138540748131751e-08,1473087.4447206408,18617750.602570027,2.0266448305180202e-08,2.0266448305180202e-08,1.1517106191475305e-07,1.1517106191475305e-07,161.70658700348187,15671576.060739879,6.138540748210782e-08,1473087.4447396062,18617750.60258929,54.44580248850901,0.8482625085920158,88,17081898.4569514,16844578.94518168,17081898.456951465,-237319.51176975295,10.1332241525901,1.0
1.011753397988367e-20,9.992007221626409e-15,2.5927522553610134e-13,False,4.199056729315253e-21,1.0008163175079741e-07,19101552.579570066,-7.337791975097921e-08,1.7194205212531636e-21,7.431865343184911e-08,18875549.431668334,1.4591231282027896e-24,4.199056729315253e-21,1.0008163175079741e-07,19101552.579570048,7.337791975097921e-08,-2.0266448305180202e-08,-2.0266448305180202e-08,1.1517105616542029e-07,1.1517105616542029e-07,161.7062266610312,15670803.591607817,6.14172650443996e-08,1473852.0891359225,18618507.455672156,2.0266448305180202e-08,2.0266448305180202e-08,1.1517105616542029e-07,1.1517105616542029e-07,161.70622666104074,15670803.591594141,6.14172650449791e-08,1473852.089149829,18618507.455686294,55.24580248850901,0.8607264631276631,89,17082034.177726705,16846675.813890003,17082034.17772665,-235358.36383667588,10.1332241525901,1.0
1.0117533979883671e-20,4.9404924595819466e-15,2.592751335941489e-13,False,4.1990556611007614e-21,1.0008162326407723e-07,19099455.6993616,-7.337792837238176e-08,1.7194226576821495e-21,7.431868421285114e-08,18874586.470871564,0.0,4.199055661100761e-21,1.0008162326407723e-07,19099455.69936159,7.337792837238177e-08,-2.0266448305180202e-08,-2.0266448305180202e-08,1.1517105401617983e-07,1.1517105401617983e-07,161.70608535113652,15670498.843151744,6.142983347793128e-08,1474153.7533525638,18618806.048456386,2.0266448305180202e-08,2.0266448305180202e-08,1.1517105401617982e-07,1.1517105401617983e-07,161.70608535113925,15670498.843146928,6.142983347813479e-08,1474153.7533574477,18618806.048461337,55.56580248850901,0.865712044941922,90,17082087.773551986,16847505.38530379,17082087.773552015,-234582.3882482089,10.1332241525901,1.0
1.0117533979883671e-20,2.7755575615628914e-15,2.5927509693810653e-13,False,4.199055234975055e-21,1.000816198786054e-07,19098619.990822807,-7.337793181467765e-08,1.719423509933561e-21,7.431869649181637e-08,18874201.607376765,0.0,4.199055234975055e-21,1.000816198786054e-07,19098619.9908228,7.337793181467764e-08,-2.0266448305180202e-08,-2.0266448305180202e-08,1.1517105317911766e-07,1.1517105317911768e-07,161.70602924899976,15670377.622726848,6.143483286496244e-08,1474273.746866813,18618924.8200941,2.0266448305180202e-08,2.0266448305180202e-08,1.1517105317911766e-07,1.1517105317911766e-07,161.70602924899558,15670377.622732708,6.143483286471404e-08,1474273.7468608525,18618924.820088044,55.69380248850901,0.8677062776676256,91,17082109.104169436,16847835.773952626,17082109.104169402,-234273.3302167952,10.1332241525901,1.0
1.0117533979883671e-20,3.83026943495679e-15,2.592750238334106e-13,False,4.199054384707085e-21,1.0008161312341907e-07,19096953.772791285,-7.337793868851973e-08,1.719425210469501e-21,7.43187209925811e-08,18873432.41990389,0.0,4.1990543847070845e-21,1.0008161312341907e-07,19096953.772791285,7.337793868851974e-08,-2.0266448305180202e-08,-2.0266448305180202e-08,1.1517105153999435e-07,1.1517105153999435e-07,161.70591762049423,15670136.485146835,6.144477772741905e-08,1474512.4392733537,18619161.077244144,2.0266448305180202e-08,2.0266448305180202e-08,1.1517105153999435e-07,1.1517105153999435e-07,161.70591762050978,15670136.48512318,6.144477772842033e-08,1474512.4392973818,18619161.077268545,55.94980248850901,0.8716947431190327,92,17082151.58077421,16848494.13382041,17082151.58077425,-233657.44695382193,10.1332241525901,1.0
1.011753397988367e-20,1.3322676295501878e-15,2.5927501799684623e-13,False,4.199054316799137e-21,1.0008161258390578e-07,19096820.77174521,-7.337793923781357e-08,1.7194253462853965e-21,7.431872294937134e-08,18873370.918877788,0.0,4.199054316799137e-21,1.0008161258390578e-07,19096820.7717452,7.337793923781355e-08,-2.0266448305180202e-08,-2.0266448305180202e-08,1.151710514112208e-07,1.151710514112208e-07,161.70590873924687,15670117.24880577,6.144557107550936e-08,1474531.480830295,18619179.924801685,2.0266448305180202e-08,2.0266448305180202e-08,1.1517105141122082e-07,1.1517105141122082e-07,161.7059087392515,15670117.248799201,6.144557107578778e-08,1474531.4808369763,18619179.924808476,55.97028248850901,0.8720138203551453,93,17082154.968865458,16848546.66274697,17082154.96886547,-233608.30611849204,10.1332241525901,1.0
1.011753397988367e-20,1.3322676295501878e-15,2.592750156627094e-13,False,4.199054289640672e-21,1.0008161236813791e-07,19096767.58365464,-7.337793945750544e-08,1.719425400602326e-21,7.431872373195156e-08,18873346.31980002,0.0,4.199054289640672e-21,1.0008161236813791e-07,19096767.58365463,7.337793945750544e-08,-2.0266448305180202e-08,-2.0266448305180202e-08,1.1517105135979742e-07,1.1517105135979742e-07,161.70590518885402,15670109.556597957,6.144588831937962e-08,1474539.0951623637,18619187.46157154,2.0266448305180202e-08,2.0266448305180202e-08,1.1517105135979742e-07,1.1517105135979742e-07,161.70590518886652,15670109.55657875,6.14458883201926e-08,1474539.095181873,18619187.46159135,55.97847448850901,0.8721414512495904,94,17082156.323664837,16848567.668594517,17082156.32366482,-233588.65507031232,10.1332241525901,1.0
1.011753397988367e-20,1.3322676295501878e-15,2.5927501472913304e-13,False,4.1990542787780396e-21,1.0008161228183676e-07,19096746.31038948,-7.33779395453781e-08,1.7194254223275896e-21,7.431872404496192e-08,18873336.480380315,-7.295594845488432e-25,4.19905427877804e-21,1.0008161228183676e-07,19096746.310389474,7.337793954537811e-08,-2.0266448305180202e-08,-2.0266448305180202e-08,1.1517105133924168e-07,1.1517105133924169e-07,161.705903769012,15670106.480122007,6.144601520020613e-08,1474542.1404935718,18619190.475883365,2.0266448305180202e-08,2.0266448305180202e-08,1.1517105133924169e-07,1.1517105133924169e-07,161.70590376902754,15670106.480098898,6.144601520118483e-08,1474542.1405170579,18619190.47590723,55.98175128850901,0.8721925036073684,95,17082156.865513265,16848576.070009522,17082156.865513276,-233580.79550375044,10.1332241525901,1.0
1.0117533979883671e-20,1.3322676295501878e-15,2.5927501286211435e-13,False,4.19905425705407e-21,1.0008161210924473e-07,19096703.76724202,-7.337793972111638e-08,1.7194254657755302e-21,7.431872467094534e-08,18873316.80189332,0.0,4.1990542570540704e-21,1.0008161210924473e-07,19096703.76724201,7.337793972111637e-08,-2.0266448305180202e-08,-2.0266448305180202e-08,1.1517105129815452e-07,1.1517105129815452e-07,161.7059009299067,15670100.32778456,6.14462689367099e-08,1474548.2305518575,18619196.503913105,2.0266448305180202e-08,2.0266448305180202e-08,1.1517105129815453e-07,1.1517105129815453e-07,161.7059009299131,15670100.327774227,6.144626893714692e-08,1474548.2305623442,18619196.503923744,55.988304888509006,0.8722946083229244,96,17082157.949091714,16848592.8712774,17082157.94909172,-233565.07781431824,10.1332241525901,1.0
1.0117533979883671e-20,1.3322676295501878e-15,2.5927501271276054e-13,False,4.199054255316226e-21,1.0008161209543795e-07,19096700.363984413,-7.337793973517503e-08,1.719425469251217e-21,7.431872472102188e-08,18873315.227636084,7.295594646389502e-25,4.199054255316228e-21,1.0008161209543796e-07,19096700.363984402,7.337793973517502e-08,-2.0266448305180202e-08,-2.0266448305180202e-08,1.1517105129486882e-07,1.1517105129486882e-07,161.70590070281997,15670099.835621692,6.144628923466011e-08,1474548.717733208,18619196.98613298,2.0266448305180202e-08,2.0266448305180202e-08,1.1517105129486882e-07,1.1517105129486882e-07,161.70590070281835,15670099.835626375,6.144628923446327e-08,1474548.7177284844,18619196.986128215,55.98882917650901,0.8723027767001689,97,17082158.035770826,16848594.215286925,17082158.035770826,-233563.8204839006,10.1332241525901,1.0
1.011753397988367e-20,1.3322676295501878e-15,2.5927501270081226e-13,False,4.1990542551772e-21,1.0008161209433342e-07,19096700.09172505,-7.337793973629972e-08,1.7194254695292708e-21,7.431872472502799e-08,18873315.101695634,7.295594645209707e-25,4.1990542551772e-21,1.0008161209433342e-07,19096700.09172504,7.337793973629972e-08,-2.0266448305180202e-08,-2.0266448305180202e-08,1.1517105129460597e-07,1.1517105129460597e-07,161.70590068464924,15670099.796256397,6.144629085816999e-08,1474548.75669989,18619197.024702653,2.0266448305180202e-08,2.0266448305180202e-08,1.1517105129460598e-07,1.1517105129460598e-07,161.70590068464625,15670099.796258826,6.144629085806568e-08,1474548.7566973865,18619197.024700075,55.98887111954901,0.8723034301703485,98,17082158.0427051,16848594.322807178,17082158.04270511,-233563.71989792585,10.1332241525901,1.0
1.0117533979883671e-20,1.3322676295501878e-15,2.5927501269603295e-13,False,4.199054255121589e-21,1.0008161209389161e-07,19096699.98282136,-7.33779397367496e-08,1.719425469640492e-21,7.431872472663043e-08,18873315.051319465,0.0,4.199054255121589e-21,1.0008161209389161e-07,19096699.982821345,7.337793973674958e-08,-2.0266448305180202e-08,-2.0266448305180202e-08,1.1517105129450083e-07,1.1517105129450083e-07,161.705900677377,15670099.780516509,6.144629150731042e-08,1474548.7722802386,18619197.040124103,2.0266448305180202e-08,2.0266448305180202e-08,1.1517105129450084e-07,1.1517105129450084e-07,161.70590067737783,15670099.780514164,6.144629150740876e-08,1474548.7722825985,18619197.04012648,55.98888789676501,0.8723036915584202,99,17082158.04547882,16848594.365815163,17082158.04547882,-233563.67966365814,10.1332241525901,1.0
1.0117533979883673e-20,1.3322676295501878e-15,2.5927501268647443e-13,False,4.199054255010369e-21,1.0008161209300798e-07,19096699.765014052,-7.337793973764932e-08,1.719425469862935e-21,7.431872472983531e-08,18873314.950567123,0.0,4.199054255010369e-21,1.0008161209300798e-07,19096699.765014052,7.337793973764932e-08,-2.0266448305180202e-08,-2.0266448305180202e-08,1.1517105129429055e-07,1.1517105129429057e-07,161.70590066285047,15670099.749008976,6.144629280676566e-08,1474548.8034691177,18619197.07099561,2.0266448305180202e-08,2.0266448305180202e-08,1.1517105129429055e-07,1.1517105129429055e-07,161.7059006628566,15670099.748998456,6.144629280721024e-08,1474548.803479787,18619197.071006432,55.98892145119701,0.872304214334564,100,17082158.051026233,16848594.451831236,17082158.051026236,-233563.59919499606,10.1332241525901,1.0
1.011753397988367e-20,1.3322676295501878e-15,2.5927501268265094e-13,False,4.199054254965879e-21,1.0008161209265452e-07,19096699.677891176,-7.337793973800925e-08,1.7194254699519123e-21,7.431872473111727e-08,18873314.910266194,0.0,4.199054254965879e-21,1.0008161209265452e-07,19096699.677891165,7.337793973800923e-08,-2.0266448305180202e-08,-2.0266448305180202e-08,1.1517105129420644e-07,1.1517105129420644e-07,161.7059006570329,15670099.736416206,6.144629332611409e-08,1474548.8159342632,18619197.083333645,2.0266448305180202e-08,2.0266448305180202e-08,1.1517105129420644e-07,1.1517105129420644e-07,161.70590065703834,15670099.736407105,6.144629332649877e-08,1474548.8159434944,18619197.083343007,55.98893487296981,0.8723044234450213,101,17082158.0532452,16848594.486237735,17082158.053245194,-233563.56700746343,10.1332241525901,1.0
1.0117533979883671e-20,1.3322676295501878e-15,2.5927501268112164e-13,False,4.199054254948084e-21,1.0008161209251314e-07,19096699.643042024,-7.337793973815319e-08,1.7194254699875033e-21,7.431872473163005e-08,18873314.894145817,0.0,4.199054254948084e-21,1.0008161209251314e-07,19096699.64304201,7.33779397381532e-08,-2.0266448305180202e-08,-2.0266448305180202e-08,1.151710512941728e-07,1.151710512941728e-07,161.70590065470418,15670099.731380226,6.144629353380469e-08,1474548.8209191505,18619197.088267647,2.0266448305180202e-08,2.0266448305180202e-08,1.151710512941728e-07,1.151710512941728e-07,161.70590065471737,15670099.731359946,6.1446293534663e-08,1474548.8209397476,18619197.08828856,55.988940241678925,0.8723045070892043,102,17082158.05413279,16848594.500000235,17082158.054132774,-233563.55413254723,10.1332241525901,1.0
1.011753397988367e-20,1.3322676295501878e-15,2.5927501268050983e-13,False,4.199054254940965e-21,1.0008161209245658e-07,19096699.629102368,-7.337793973821079e-08,1.7194254700017397e-21,7.431872473183517e-08,18873314.88769767,0.0,4.199054254940965e-21,1.0008161209245658e-07,19096699.629102353,7.337793973821077e-08,-2.0266448305180202e-08,-2.0266448305180202e-08,1.1517105129415934e-07,1.1517105129415934e-07,161.7059006537768,15670099.729359686,6.144629361714131e-08,1474548.8229193538,18619197.090247594,2.0266448305180202e-08,2.0266448305180202e-08,1.1517105129415934e-07,1.1517105129415934e-07,161.70590065378013,15670099.729353793,6.144629361739015e-08,1474548.8229253255,18619197.090253644,55.988942389162574,0.8723045405468776,103,17082158.054487832,16848594.505505167,17082158.054487806,-233563.54898265004,10.1332241525901,1.0
1.0117533979883671e-20,1.3322676295501878e-15,2.592750126802651e-13,False,4.199054254938119e-21,1.0008161209243397e-07,19096699.62352651,-7.337793973823383e-08,1.7194254700074344e-21,7.431872473191721e-08,18873314.885118414,-7.295594643180839e-25,4.199054254938119e-21,1.0008161209243397e-07,19096699.62352649,7.337793973823383e-08,-2.0266448305180202e-08,-2.0266448305180202e-08,1.1517105129415395e-07,1.1517105129415397e-07,161.7059006533984,15670099.72856212,6.144629365002449e-08,1474548.8237086013,18619197.091028556,2.0266448305180202e-08,2.0266448305180202e-08,1.1517105129415395e-07,1.1517105129415397e-07,161.70590065340676,15670099.728551324,6.14462936504829e-08,1474548.823719602,18619197.091039762,55.98894324815603,0.8723045539299468,104,17082158.054629833,16848594.5077072,17082158.054629814,-233563.5469226241,10.1332241525901,1.0
1.011753397988367e-20,1.3322676295501878e-15,2.5927501267977575e-13,False,4.199054254932423e-21,1.0008161209238872e-07,19096699.612374783,-7.337793973827989e-08,1.7194254700188233e-21,7.43187247320813e-08,18873314.879959904,0.0,4.199054254932423e-21,1.0008161209238872e-07,19096699.612374764,7.33779397382799e-08,-2.0266448305180202e-08,-2.0266448305180202e-08,1.151710512941432e-07,1.151710512941432e-07,161.70590065266447,15670099.726936154,6.144629371709904e-08,1474548.8253184892,18619197.092622437,2.0266448305180202e-08,2.0266448305180202e-08,1.151710512941432e-07,1.151710512941432e-07,161.70590065266757,15670099.726931166,6.144629371731017e-08,1474548.8253235556,18619197.092627577,55.98894496614295,0.8723045806960854,105,17082158.054913867,16848594.5121112,17082158.054913852,-233563.54280266166,10.1332241525901,1.0
1.0117533979883671e-20,1.3322676295501878e-15,2.5927501267958e-13,False,4.199054254930146e-21,1.0008161209237063e-07,19096699.60791409,-7.337793973829832e-08,1.7194254700233786e-21,7.431872473214693e-08,18873314.877896495,-7.295594643113186e-25,4.199054254930146e-21,1.0008161209237063e-07,19096699.607914075,7.337793973829831e-08,-2.0266448305180202e-08,-2.0266448305180202e-08,1.1517105129413888e-07,1.151710512941389e-07,161.70590065237164,15670099.726282548,6.144629374406386e-08,1474548.825965684,18619197.093263242,2.0266448305180202e-08,2.0266448305180202e-08,1.151710512941389e-07,1.151710512941389e-07,161.70590065237266,15670099.726280216,6.144629374416197e-08,1474548.8259680383,18619197.093265623,55.98894565333772,0.8723045914025408,106,17082158.05502747,16848594.513872802,17082158.05502746,-233563.54115466028,10.1332241525901,1.0
