time_s,contact,curvature_term_MPa,TJ_term_MPa,total_MPa,rTJ_nm,kappa_negative_per_um,kappa_positive_per_um,theta_negative_deg,theta_positive_deg,neck_radius_nm,center_volume_change,gb_position_nm,surface_area_relative,GB_area_relative,interfacial_energy_relative
0.01,LEFT,18.298104914728373,40.02645360036251,58.32455851509088,74.3557219218542,-10.224468115295753,-26.37174171416099,166.13522716040367,164.99686750955695,74.3557219218542,0.0,-69.30000000000001,0.0,0.0,0.0
0.01,RIGHT,18.298104914728093,40.0264536003625,58.324558515090594,74.3557219218542,-26.37174171416103,-10.224468115295156,164.996867509557,166.13522716040336,74.3557219218542,0.0,69.30000000000001,0.0,0.0,0.0
0.21000000000000002,LEFT,19.34670666623648,39.89360145651747,59.240308122753945,74.35778253732167,-15.6892107928936,-23.004202539579357,172.78364679731934,156.80388734839153,74.35778253732167,0.0010646006004748632,-69.30000000000001,-0.0006546478680239387,5.54266428205441e-05,-0.0006382476554285255
0.21000000000000002,RIGHT,19.346706666233835,39.8936014565174,59.24030812275124,74.35778253732167,-23.004202539574838,-15.689210792892831,156.80388734838962,172.78364679731877,74.35778253732167,0.0010646006004748632,69.30000000000001,-0.0006546478680239387,5.54266428205441e-05,-0.0006382476554285255
0.41000000000000003,LEFT,19.640263786669454,39.79372374565781,59.433987532327265,74.42097389995344,-16.66759622171313,-22.612931351625786,174.97705160852922,154.4705926145726,74.42097389995344,0.0015760979736647585,-69.30000000000001,-0.001100446406363309,0.001755900093162177,-0.0010779551473291127
0.41000000000000003,RIGHT,19.64026378666839,39.79372374565777,59.43398753232616,74.42097389995344,-22.612931351623562,-16.667596221713218,154.47059261457136,174.9770516085294,74.42097389995344,0.0015760979736647585,69.30000000000001,-0.001100446406363309,0.001755900093162177,-0.0010779551473291127
0.6100000000000001,LEFT,19.84921573770817,39.701415557212684,59.55063129492086,74.49219893298071,-17.21552481830784,-22.482906657108508,176.50156528516456,152.86610634010435,74.49219893298071,0.0019363949870245811,-69.30000000000001,-0.0014790385754535063,0.0036742904700866053,-0.0014545331861215427
0.6100000000000001,RIGHT,19.849215737709184,39.70141555721275,59.550631294921935,74.4921989329807,-22.48290665711104,-17.215524818307326,152.86610634010572,176.50156528516405,74.4921989329807,0.0019363949870245811,69.30000000000001,-0.0014790385754535063,0.0036742904700866053,-0.0014545331861215427
0.81,LEFT,19.990756780443242,39.609899807504576,59.60065658794782,74.57073154015853,-17.594787397337967,-22.386726163548516,177.74967859433968,151.55655848195823,74.57073154015853,0.0022076789797487173,-69.30000000000001,-0.0018165832595117282,0.005791631832030575,-0.0017906679719462693
0.81,RIGHT,19.990756780441544,39.609899807504476,59.60065658794602,74.57073154015855,-22.386726163545934,-17.594787397337154,151.55655848195624,177.74967859433934,74.57073154015855,0.0022076789797487173,69.30000000000001,-0.0018165832595117282,0.005791631832030575,-0.0017906679719462693
1.01,LEFT,20.085966085855922,39.5182131025481,59.604179188404025,74.65553956281592,-17.880342309708517,-22.291589862003324,178.8390368770632,150.42855029572306,74.65553956281592,0.0024136934582943415,-69.30000000000001,-0.002124408270426037,0.008080672113678578,-0.002096910074036562
1.01,RIGHT,20.08596608585322,39.51821310254915,59.60417918840237,74.6555395628148,-22.29158986201408,-17.880342309692352,150.42855029573343,178.8390368770508,74.6555395628148,0.0024136934582943415,69.30000000000001,-0.002124408270426037,0.008080672113678578,-0.002096910074036562
1.21,LEFT,20.139562315804742,39.425954168182294,59.56551648398704,74.74535743320033,-18.10880710830397,-22.170317523305513,179.8223174892601,149.4210580476932,74.74535743320033,0.0025671666772633106,-69.30000000000001,-0.002409408365329435,0.010507769314718862,-0.002379576595159083
1.21,RIGHT,20.139562315804707,39.42595416817483,59.565516483979536,74.74535743320186,-22.170317523250905,-18.108807108358512,149.4210580475487,179.8223174893374,74.74535743320186,0.0025671666772633106,69.30000000000001,-0.002409408365329435,0.010507769314718862,-0.002379576595159083
1.41,LEFT,20.15136714747647,39.333621261685956,59.484988409162426,74.83832245934965,-18.284105164556653,-22.01862913039629,179.28750209975206,148.5023562244006,74.83832245934965,0.0026762797052970466,-69.30000000000001,-0.0026756538404903996,0.013022983766630691,-0.0026429238582389436
1.41,RIGHT,20.151367147353056,39.333621261672775,59.48498840902583,74.83832245935568,-22.018629130115826,-18.284105164590287,148.5023562241911,179.2875020996906,74.83832245935568,0.0026762797052970466,69.30000000000001,-0.0026756538404903996,0.013022983766630691,-0.0026429238582389436
1.6099999999999999,LEFT,20.120850487124134,39.241782062475956,59.36263254960009,74.933675514059,-18.39724904676106,-21.844451927487206,178.49393065542077,147.66029192695285,74.933675514059,0.0027468750197225944,-69.30000000000001,-0.0029259238489827144,0.0156060553683528,-0.002890022533783232
1.6099999999999999,RIGHT,20.120850487122475,39.24178206247296,59.36263254959543,74.9336755140658,-21.84445192746374,-18.39724904678121,147.66029192696618,178.4939306553785,74.9336755140658,0.0027468750197225944,69.30000000000001,-0.0029259238489827144,0.0156060553683528,-0.002890022533783232
1.8099999999999998,LEFT,20.06593690337881,39.15084527927176,59.216782182650576,75.03107989175757,-18.47418025384458,-21.657693552913038,177.76895305531153,146.8885258943631,75.03107989175757,0.0027834328344324977,-69.30000000000001,-0.0031625565928086186,0.018248092338600586,-0.0031232054359765504
1.8099999999999998,RIGHT,20.065936903250478,39.15084527926586,59.21678218251633,75.0310798917606,-21.657693552664682,-18.474180253836273,146.88852589427614,177.76895305531315,75.0310798917606,0.0027834328344324977,69.30000000000001,-0.0031625565928086186,0.018248092338600586,-0.0031232054359765504
2.01,LEFT,19.999901803205304,39.06140025487159,59.06130205807689,75.13017280624439,-18.526633465066546,-21.473170141344063,177.09824251858313,146.1869351942559,75.13017280624439,0.002789538032969885,-69.30000000000001,-0.0033877790037921685,0.02093945173125089,-0.003344280519335441
2.01,RIGHT,19.99990180328106,39.061400254876304,59.061302058157366,75.130172806248,-21.473170141214236,-18.52663346534789,146.18693519439964,177.0982425184255,75.130172806248,0.002789538032969885,69.30000000000001,-0.0033877790037921685,0.02093945173125089,-0.003344280519335441
2.21,LEFT,19.92130814134967,38.97303502601702,58.89434316736669,75.23054520948696,-18.566032122206394,-21.276584160492945,176.46876848021338,145.53735124122178,75.23054520948696,0.0027681837543664933,-69.30000000000001,-0.0036025711127640747,0.02366918318808886,-0.003554722378696362
2.21,RIGHT,19.921308141396626,38.97303502602174,58.89434316741836,75.2305452094836,-21.276584160241576,-18.56603212255168,145.53735124130975,176.46876847992286,75.2305452094836,0.0027681837543664933,69.30000000000001,-0.0036025711127640747,0.02366918318808886,-0.003554722378696362
2.41,LEFT,19.825780955747625,38.88596868122256,58.71174963697018,75.33102207139558,-18.590007497312634,-21.061554414182616,175.88015901522306,144.92732973039946,75.33102207139558,0.0027218945395985905,-69.30000000000001,-0.005109565977750141,0.02640540562970073,-0.0037557214064990463
2.41,RIGHT,19.82578095553352,38.88596868122014,58.71174963675366,75.33102207138441,-21.061554413743558,-18.590007497323487,144.92732973026114,175.88015901507293,75.33102207138441,0.0027218945395985905,69.30000000000001,-0.005109565977750141,0.02640540562970073,-0.0037557214064990463
2.6100000000000003,LEFT,19.713717145937235,38.80082966573748,58.51454681167471,75.43121988247154,-18.587649414143975,-20.83978487773049,175.3456289117954,144.35927911696822,75.43121988247154,0.0026528792910143206,-69.30000000000001,-0.005309142084870433,0.029137665679321634,-0.003948287223567215
2.6100000000000003,RIGHT,19.71371714582024,38.80082966573993,58.514546811560166,75.43121988245754,-20.83978487757505,-18.58764941406543,144.35927911687844,175.34562891179715,75.43121988245754,0.0026528792910143206,69.30000000000001,-0.005309142084870433,0.029137665679321634,-0.003948287223567215
2.8100000000000005,LEFT,19.59453041236907,38.71762930359831,58.312159715967375,75.53136369046388,-18.572151986990516,-20.616908837747626,174.85342136682905,143.83304572620565,75.53136369046388,0.0025630249042860598,-69.30000000000001,-0.005501738522123878,0.031872081966127785,-0.004133222239916079
2.8100000000000005,RIGHT,19.5945304122961,38.71762930360274,58.31215971589884,75.53136369044813,-20.616908837620098,-18.572151986972095,143.833045726134,174.85342136685645,75.53136369044813,0.0025630249042860598,69.30000000000001,-0.005501738522123878,0.031872081966127785,-0.004133222239916079
3.0100000000000007,LEFT,19.47480087136489,38.636440314354516,58.11124118571941,75.63147890441272,-18.55161407889101,-20.39798766383877,174.39197922398296,143.3486572550195,75.63147890441272,0.0024540365575296264,-69.30000000000001,-0.005687050096113477,0.034609343792661784,-0.0043112182583692205
3.0100000000000007,RIGHT,19.474800871423366,38.63644031436423,58.1112411857876,75.63147890439738,-20.39798766389237,-18.551614078954366,143.34865725505455,174.39197922398057,75.63147890439738,0.0024540365575296264,69.30000000000001,-0.005687050096113477,0.034609343792661784,-0.0043112182583692205
3.210000000000001,LEFT,19.35524990017757,38.55716758982887,57.91241749000643,75.73141990314949,-18.527482845495438,-20.183016954859696,173.95609009496076,142.90128428053944,75.73141990314949,0.0023274159473851697,-69.30000000000001,-0.005866258618188236,0.03734545870130623,-0.00448291315917948
3.210000000000001,RIGHT,19.355249900131742,38.557167589831124,57.91241748996287,75.73141990313297,-20.183016954669288,-18.527482845594196,142.90128428043937,173.95609009488948,75.73141990313297,0.0023274159473851697,69.30000000000001,-0.005866258618188236,0.03734545870130623,-0.00448291315917948
3.410000000000001,LEFT,19.226030927201897,38.47960642358443,57.705637350786326,75.83035269740681,-18.493293490856555,-19.958768363547243,173.54844252831532,142.4770986026051,75.83035269740681,0.00218455686560981,-69.30000000000001,-0.006039700023323991,0.04005753037230542,-0.004648930257320383
3.410000000000001,RIGHT,19.226030927097558,38.47960642357981,57.70563735067737,75.83035269739219,-19.95876836320981,-18.493293490985312,142.47709860241844,173.54844252814326,75.83035269739219,0.00218455686560981,69.30000000000001,-0.006039700023323991,0.04005753037230542,-0.004648930257320383
3.610000000000001,LEFT,19.08250423760037,38.404144238377825,57.48664847597819,75.92801491011784,-18.437067126852433,-19.727941348348303,173.17924060306044,142.07726863708615,75.92801491011784,0.0020266911910920005,-69.30000000000001,-0.006207514537736714,0.04273824396879777,-0.0048096241666327755
3.610000000000001,RIGHT,19.082504237283526,38.40414423836169,57.48664847564521,75.92801491010955,-19.727941347871568,-18.437067126695485,142.07726863673466,173.17924060299742,75.92801491010955,0.0020266911910920005,69.30000000000001,-0.006207514537736714,0.04273824396879777,-0.0048096241666327755
3.8100000000000014,LEFT,18.941282093770027,38.33087092211897,57.272153015888996,76.02485593280406,-18.37951658144332,-19.50304760609673,172.83742793018536,141.7078400827437,76.02485593280406,0.0018548758654259867,-69.30000000000001,-0.006370714717173209,0.04539982374327445,-0.004965343174004877
3.8100000000000014,RIGHT,18.94128209356445,38.33087092209766,57.272153015662106,76.0248559327964,-19.503047605530334,-18.379516581598565,141.70784008235543,172.83742792988355,76.0248559327964,0.0018548758654259867,69.30000000000001,-0.006370714717173209,0.04539982374327445,-0.004965343174004877
4.010000000000002,LEFT,18.806429943439216,38.259715009391776,57.06614495283099,76.12100161483205,-18.32462698466691,-19.288232902211515,172.51496050097472,141.36885943875683,76.12100161483205,0.0016701271660652939,-69.30000000000001,-0.006528533409884241,0.04804564881685769,-0.00511652918324601
4.010000000000002,RIGHT,18.80642994318813,38.259715009361905,57.06614495255003,76.12100161482414,-19.28823290149917,-18.32462698487709,141.36885943823793,172.51496050058856,76.12100161482414,0.0016701271660652939,69.30000000000001,-0.006528533409884241,0.04804564881685769,-0.00511652918324601
4.210000000000002,LEFT,18.67574769659632,38.1904775147762,56.86622521137252,76.2164234107901,-18.271576799786637,-19.079918593406003,172.20866370654772,141.0561641121733,76.2164234107901,0.0014734218650431785,-69.30000000000001,-0.006682675311905362,0.050674859616750334,-0.005263502108127205
4.210000000000002,RIGHT,18.675747696313415,38.19047751474603,56.86622521105945,76.21642341078103,-19.079918592802898,-18.271576799823933,141.05616411162438,172.2086637062655,76.21642341078103,0.0014734218650431785,69.30000000000001,-0.006682675311905362,0.050674859616750334,-0.005263502108127205
4.410000000000002,LEFT,18.538434024014776,38.122835152612794,56.66126917662758,76.3105484792436,-18.212747072870854,-18.864120975158702,171.92183972033487,140.75764545359664,76.3105484792436,0.0012655658967803962,-69.30000000000001,-0.006832368509713582,0.05327158085058059,-0.005406518774299984
4.410000000000002,RIGHT,18.538429245580808,38.12283522647819,56.661264472058996,76.31054941710319,-18.864117749114808,-18.212740742046808,140.75765479117155,171.92184009587902,76.31054941710319,0.0012655658967803962,69.30000000000001,-0.006832368509713582,0.05327158085058059,-0.005406518774299984
4.610000000000002,LEFT,18.387565390424555,38.05712196992493,56.444687360349484,76.40305722382915,-18.132828457977354,-18.642302322871753,171.6665611172319,140.47314434639415,76.40305722382915,0.0010473576888729852,-69.30000000000001,-0.0069782685663623,0.05582676857873281,-0.0055459317661161744
4.610000000000002,RIGHT,18.387603556073078,38.05712457726846,56.444728133341535,76.40305436429176,-18.642366056617494,-18.13284105552866,140.47316345903278,171.66656720151607,76.40305436429176,0.0010473576888729852,69.30000000000001,-0.0069782685663623,0.05582676857873281,-0.0055459317661161744
4.810000000000002,LEFT,18.239508104771307,37.99360568228127,56.233113787052574,76.49437046831237,-18.04711384781712,-18.4319023617255,171.43374691753576,140.21212168692352,76.49437046831237,0.0008195702465798593,-69.30000000000001,-0.0071207973155097415,0.05835197035335993,-0.005681937028942818
4.810000000000002,RIGHT,18.239561761575494,37.9936033147478,56.233165076323296,76.49436379702311,-18.431944012233203,-18.047179510917783,140.21203401753945,171.43370184207325,76.49436379702311,0.0008195702465798593,69.30000000000001,-0.0071207973155097415,0.05835197035335993,-0.005681937028942818
5.0100000000000025,LEFT,18.103724069356087,37.931913843498165,56.03563791285425,76.58466467303248,-17.978116450299762,-18.22933168841241,171.20816579616724,139.97245644876173,76.58466467303248,0.0005827551772126238,-69.30000000000001,-0.007259480167591592,0.06085207334104026,-0.0058145045978308385
5.0100000000000025,RIGHT,18.10365475953491,37.93189331601584,56.03554807555075,76.58466262038112,-18.229088701920826,-17.97822081714899,139.97212668523838,171.20799376066722,76.58466262038112,0.0005827551772126238,69.30000000000001,-0.007259480167591592,0.06085207334104026,-0.0058145045978308385
5.210000000000003,LEFT,17.976759631638647,37.87191039481209,55.84867002645073,76.67413588716865,-17.919577968806014,-18.033941294471276,170.98935473614924,139.7532469937846,76.67413588716865,0.0003374967166220877,-69.30000000000001,-0.007395471104469475,0.06333247301266609,-0.005943930406052789
5.210000000000003,RIGHT,17.97648041565686,37.871874729625574,55.84835514528243,76.67415100983784,-18.033366821428718,-17.919594009885,139.75281654054336,170.9891375586491,76.67415100983784,0.0003374967166220877,69.30000000000001,-0.007395471104469475,0.06333247301266609,-0.005943930406052789
5.410000000000003,LEFT,17.84806759863193,37.81332592512191,55.66139352375384,76.76237887326852,-17.860347318609296,-17.83578787865456,170.7834930983417,139.5448017558415,76.76237887326852,8.430683386562166e-05,-69.30000000000001,-0.007527744864301189,0.0657817489469521,-0.006070534864852872
5.410000000000003,RIGHT,17.84756627234713,37.81328938375547,55.6608556561026,76.76241736699059,-17.8349766140604,-17.860155930633862,139.54452876779234,170.78338477876426,76.76241736699059,8.430683386562166e-05,69.30000000000001,-0.007527744864301189,0.0657817489469521,-0.006070534864852872
5.610000000000003,LEFT,17.710928411642996,37.75631237613886,55.467240787781854,76.84915859268497,-17.788154636904626,-17.633702186381367,170.5985799781855,139.34561938458307,76.84915859268497,-0.00017636370492946085,-69.30000000000001,-0.007657634378668288,0.06819303531318233,-0.006194350919647262
5.610000000000003,RIGHT,17.710412168032118,37.756309078709414,55.46672124674153,76.84921122342197,-17.63314945434808,-17.787674881716157,139.34593308961,170.59886641193776,76.84921122342197,-0.00017636370492946085,69.30000000000001,-0.007657634378668288,0.06819303531318233,-0.006194350919647262
5.810000000000003,LEFT,17.565504898155794,37.70143383115417,55.266938729309956,76.93445766583017,-17.692387539568095,-17.438622256743493,170.44227184529154,139.1629536531232,76.93445766583017,-0.00044412695482387576,-69.30000000000001,-0.007784469855994458,0.07056550968248909,-0.006315457979071626
5.810000000000003,RIGHT,17.565178220668052,37.701474756927986,55.266652977596046,76.93450079137337,-17.438536361457025,-17.691820079879076,139.1638437018198,170.44292283542893,76.93450079137337,-0.00044412695482387576,69.30000000000001,-0.007784469855994458,0.07056550968248909,-0.006315457979071626
6.010000000000003,LEFT,17.417062486663667,37.648402151503944,55.06546463816761,77.01861034765808,-17.584122392636306,-17.250002580691035,170.30658385564826,138.9962616546659,77.01861034765808,-0.0007184581550101488,-69.30000000000001,-0.007908567559603008,0.0729083864225879,-0.00643404578330542
6.010000000000003,RIGHT,17.41710405448856,37.64849128109593,55.06559533558449,77.01862318678012,-17.25058241327576,-17.58362569570136,138.99764597635968,170.30748947706869,77.01862318678012,-0.0007184581550101488,69.30000000000001,-0.007908567559603008,0.0729083864225879,-0.00643404578330542
6.2100000000000035,LEFT,17.28425625531464,37.596743110443825,54.88099936575846,77.10171793892611,-17.50094136778991,-17.067571142839366,170.16855576204298,138.8437622902787,77.10171793892611,-0.0009990254618783556,-69.30000000000001,-0.008030259337385437,0.07522428113835211,-0.006550248949992898
6.2100000000000035,RIGHT,17.28481172940261,37.59685631065034,54.88166804005295,77.10167224165998,-17.068776686700637,-17.50084677210458,138.8450765043069,170.16941465119962,77.10167224165998,-0.0009990254618783556,69.30000000000001,-0.008030259337385437,0.07522428113835211,-0.006550248949992898
6.410000000000004,LEFT,17.167896366030835,37.54658862841354,54.714484994444376,77.18390897786553,-17.44041495706788,-16.895377774993786,170.02574951413285,138.7092906244504,77.18390897786553,-0.0012853546719792108,-69.30000000000001,-0.00814918622446792,0.0775175654148954,-0.006664258391575362
6.410000000000004,RIGHT,17.168541903586192,37.546676483660235,54.71521838724643,77.18383940064176,-16.89647904803479,-17.440604759137596,138.7100677774568,170.02626085686043,77.18383940064176,-0.0012853546719792108,69.30000000000001,-0.00814918622446792,0.0775175654148954,-0.006664258391575362
6.610000000000004,LEFT,17.04979124852578,37.49739845248749,54.54718970101327,77.26475062791691,-17.384360559964815,-16.715221937086742,169.88991836074234,138.57738315964627,77.26475062791691,-0.0015770371651039339,-69.30000000000001,-0.008266311261249215,0.07977576510559636,-0.006776264139292443
6.610000000000004,RIGHT,17.050423811148303,37.49745132352726,54.54787513467556,77.26467063812561,-16.716065060573303,-17.384782561723302,138.5775905396147,169.89002726929,77.26467063812561,-0.0015770371651039339,69.30000000000001,-0.008266311261249215,0.07977576510559636,-0.006776264139292443
6.810000000000004,LEFT,16.92942462374095,37.449744459418056,54.379169083159006,77.34418677243586,-17.32092569965344,-16.537923547828456,169.76931303827234,138.4550391708878,77.34418677243586,-0.0018738027514312305,-69.30000000000001,-0.008380426554552067,0.08199724091662652,-0.00688633470212241
6.810000000000004,RIGHT,16.930049913035315,37.449770347601486,54.379820260636805,77.34411330922764,-16.538661662425593,-17.321438163645034,138.45491534356194,169.76916394061382,77.34411330922764,-0.0018738027514312305,69.30000000000001,-0.008380426554552067,0.08199724091662652,-0.00688633470212241
7.010000000000004,LEFT,16.801816863599562,37.40395998322867,54.20577684682823,77.42208045526304,-17.235388686412566,-16.368245040786555,169.67441049591002,138.34395640097497,77.42208045526304,-0.002175346323668892,-69.30000000000001,-0.008493011064267253,0.08417778381269425,-0.006994297023501073
7.010000000000004,RIGHT,16.802317575328768,37.40394576189649,54.20626333722526,77.42201240025545,-16.368566782627944,-17.23606836802959,138.34330366011002,169.67389393294928,77.42201240025545,-0.002175346323668892,69.30000000000001,-0.008493011064267253,0.08417778381269425,-0.006994297023501073
7.210000000000004,LEFT,16.66720222039892,37.35982129409512,54.02702351449405,77.49882499308922,-17.130290854146587,-16.204113586651257,169.60125581753934,138.24444802489535,77.49882499308922,-0.002481426543178511,-69.30000000000001,-0.008602709055742341,0.08632837442167629,-0.007100214831052831
7.210000000000004,RIGHT,16.667679072395384,37.35978733141114,54.02746640380653,77.49876726147544,-16.20437376096178,-17.130984383828988,138.24359174208507,169.6005861935151,77.49876726147544,-0.002481426543178511,69.30000000000001,-0.008602709055742341,0.08632837442167629,-0.007100214831052831
7.410000000000005,LEFT,16.533692498457714,37.317000057104124,53.850692555561835,77.57457173717877,-17.02294223273452,-16.04444276418091,169.53745048762224,138.1553556545312,77.57457173717877,-0.0027916740048475885,-69.30000000000001,-0.008711155799235648,0.0884529308874844,-0.00720435542937814
7.410000000000005,RIGHT,16.534174621423332,37.316935063327215,53.85110968475055,77.57451259677212,-16.04451907449626,-17.0238301683504,138.15404590823454,169.53650677642307,77.57451259677212,-0.0027916740048475885,69.30000000000001,-0.008711155799235648,0.0884529308874844,-0.00720435542937814
7.610000000000005,LEFT,16.41832632391453,37.27540264762535,53.69372897153988,77.64930677455658,-16.94174592536998,-15.894906722459087,169.4658005977511,138.0794089614234,77.64930677455658,-0.0031058226001464684,-69.30000000000001,-0.008816929633158166,0.09055139728683592,-0.007306800731551988
7.610000000000005,RIGHT,16.418510989515905,37.275277320706984,53.69378831022289,77.64926421164562,-15.894271273464165,-16.942750705567644,138.077357422406,169.46437645935578,77.64926421164562,-0.0031058226001464684,69.30000000000001,-0.008816929633158166,0.09055139728683592,-0.007306800731551988
7.810000000000005,LEFT,16.31124019384831,37.23454950981345,53.54578970366176,77.72303522562521,-16.880798454367095,-15.741681933329525,169.38554906908834,138.0089543999195,77.72303522562521,-0.0034233990984409157,-69.30000000000001,-0.008921463464635404,0.0926238220239004,-0.007407682876377053
7.810000000000005,RIGHT,16.311246120615035,37.23439816793045,53.54564428854549,77.72302621451692,-15.74086026294588,-16.881631978284187,138.0067801509737,169.38397940873153,77.72302621451692,-0.0034233990984409157,69.30000000000001,-0.008921463464635404,0.0926238220239004,-0.007407682876377053
8.010000000000005,LEFT,16.206663509714172,37.19445557982181,53.40111908953599,77.79554437996758,-16.828899410901904,-15.584427608526441,169.30719374381323,137.93991286360875,77.79554437996758,-0.0037442818477363415,-69.30000000000001,-0.009023360830051619,0.09466364431036212,-0.007506952876286221
8.010000000000005,RIGHT,16.206560615115958,37.19426679681582,53.40082741193177,77.79555073123191,-15.583330496316686,-16.829790733915228,137.9373081268976,169.30537841981396,77.79555073123191,-0.0037442818477363415,69.30000000000001,-0.009023360830051619,0.09466364431036212,-0.007506952876286221
8.210000000000004,LEFT,16.101926721795728,37.15584421004879,53.257770931844526,77.8666287892414,-16.768486929741485,-15.43536651384997,169.2440055423473,137.8792205104435,77.8666287892414,-0.004068335961840419,-69.30000000000001,-0.009124317842916119,0.09666547001532955,-0.007604686263582017
8.210000000000004,RIGHT,16.101635948467962,37.1556239233589,53.25725987182686,77.86666707454353,-15.433977590396072,-16.769294306539855,137.876390104899,169.24203641326048,77.86666707454353,-0.004068335961840419,69.30000000000001,-0.009124317842916119,0.09666547001532955,-0.007604686263582017
8.410000000000004,LEFT,15.99220101873318,37.11857999309518,53.11078101182836,77.93644438281612,-16.692800950776526,-15.291601086689832,169.1993055130552,137.8249949532797,77.93644438281612,-0.004395425606149028,-69.30000000000001,-0.009222886339185332,0.09863323311744732,-0.0077010109760790035
8.410000000000004,RIGHT,15.991841696468562,37.118340021365626,53.11018171783419,77.93650614306314,-15.290122775303129,-16.69356061763399,137.82203376118622,169.19730614124492,77.93650614306314,-0.004395425606149028,69.30000000000001,-0.009222886339185332,0.09863323311744732,-0.0077010109760790035
8.610000000000003,LEFT,15.875613432471521,37.082711275884485,52.958324708356,78.0050846468579,-16.597850392918318,-15.153376472024723,169.1756807227767,137.77810016227343,78.0050846468579,-0.004725315984356104,-69.30000000000001,-0.009320311154611849,0.10056971576111828,-0.007795965784653691
8.610000000000003,RIGHT,15.874954323978967,37.08242727335394,52.957381597332905,78.00517847843258,-15.151296006269101,-16.598612641688835,137.77473225087405,169.1734172177899,78.00517847843258,-0.004725315984356104,69.30000000000001,-0.009320311154611849,0.10056971576111828,-0.007795965784653691
8.810000000000002,LEFT,15.757501059875901,37.04802558112658,52.80552664100249,78.07275194939199,-16.4961368448607,-15.018865274891104,169.16098127760415,137.73981937444304,78.07275194939199,-0.00505769009712298,-69.30000000000001,-0.009415772884656226,0.1024805733403713,-0.007889782752328767
8.810000000000002,RIGHT,15.756679045925924,37.047734820015414,52.804413865941335,78.07288838199993,-15.016749072941447,-16.4966090189104,137.73665268674665,169.15879545815463,78.07288838199993,-0.00505769009712298,69.30000000000001,-0.009415772884656226,0.1024805733403713,-0.007889782752328767
9.010000000000002,LEFT,15.651104843903891,37.01436618260917,52.66547102651307,78.13950914696295,-16.40927732382392,-14.892932363983865,169.14097391070408,137.7118233242472,78.13950914696295,-0.005392313967070295,-69.30000000000001,-0.009509497797740463,0.10436701749256772,-0.007982183500706563
9.010000000000002,RIGHT,15.650306740827373,37.014076128394194,52.66438286922157,78.13966375640322,-14.890934162888232,-16.409679318766514,137.70878339701403,169.13888485946,78.13966375640322,-0.005392313967070295,69.30000000000001,-0.009509497797740463,0.10436701749256772,-0.007982183500706563
9.21,LEFT,15.557241795250391,36.981528474190846,52.53877026944124,78.2053474346211,-16.34220111045717,-14.772282480043613,169.1133654892484,137.691309563638,78.2053474346211,-0.005728994586167602,-69.30000000000001,-0.009602127621145096,0.10622913082128882,-0.008073184059816496
9.21,RIGHT,15.556377161197325,36.981219730369745,52.53759689156707,78.20552397072983,-14.77007207017716,-16.342682252217486,137.68816911477464,169.11112600294237,78.20552397072983,-0.005728994586167602,69.30000000000001,-0.009602127621145096,0.10622913082128882,-0.008073184059816496
9.41,LEFT,15.461762491623993,36.94872679302315,52.410489284647134,78.27022329899046,-16.28764835230708,-14.635876630940908,169.07739095751143,137.66518600976715,78.27022329899046,-0.006067435724096959,-69.30000000000001,-0.009692724769456706,0.10806568666854166,-0.008163166638114783
9.41,RIGHT,15.460706217131142,36.948398259649245,52.409104476780385,78.27043052008833,-14.633465157918172,-16.287947276344113,137.66195852081734,169.0751421203028,78.27043052008833,-0.006067435724096959,69.30000000000001,-0.009692724769456706,0.10806568666854166,-0.008163166638114783
9.61,LEFT,15.370302267628285,36.9166768221594,52.28697908978769,78.3341533014353,-16.237361155179784,-14.503243380076785,169.0448981144112,137.64235677907175,78.3341533014353,-0.006407771721418265,-69.30000000000001,-0.009782372281470164,0.10987683001481807,-0.00825197286297552
9.61,RIGHT,15.36915506446611,36.916340893052585,52.28549595751869,78.33438183754743,-14.500786862503507,-16.237523266428713,137.63914441800134,169.04274889463014,78.33438183754743,-0.006407771721418265,69.30000000000001,-0.009782372281470164,0.10987683001481807,-0.00825197286297552
9.809999999999999,LEFT,15.278363945415071,36.88576866925396,52.164132614669036,78.39689100763371,-16.179984532194425,-14.376743358635716,169.02505305170803,137.62497512494824,78.39689100763371,-0.006749999816429764,-69.30000000000001,-0.009870930231890784,0.11165575219550194,-0.00833964876571569
9.809999999999999,RIGHT,15.277076939257286,36.88542707606681,52.162504015324096,78.39714884397854,-14.37419466992931,-16.17995920858526,137.6218571722699,169.0230417583054,78.39714884397854,-0.006749999816429764,69.30000000000001,-0.009870930231890784,0.11165575219550194,-0.00833964876571569
10.009999999999998,LEFT,15.183225210120403,36.85603678944526,52.03926199956567,78.45857818912626,-16.109692007595214,-14.256758412645594,169.02114206629736,137.61389101866206,78.45857818912626,-0.007093983660004133,-69.30000000000001,-0.009958170130272781,0.11340631434374182,-0.008426244741839839
10.009999999999998,RIGHT,15.181773654720082,36.85569906167717,52.037472716397254,78.45886755420165,-14.25413283008217,-16.10941447935799,137.611017521732,169.01935772510234,78.45886755420165,-0.007093983660004133,69.30000000000001,-0.009958170130272781,0.11340631434374182,-0.008426244741839839
10.209999999999997,LEFT,15.083053374940627,36.827391420509215,51.91044479544984,78.51922685136788,-16.024373331447467,-14.14173341843379,169.0336331549525,137.6076415753552,78.51922685136788,-0.007439379359669429,-69.30000000000001,-0.010043903555066347,0.11512858015484206,-0.008511978607522952
10.209999999999997,RIGHT,15.081534181445356,36.82706941728772,51.90860359873308,78.51953539571218,-14.139171384681891,-16.023896978208818,137.60509554171094,169.0321379314555,78.51953539571218,-0.007439379359669429,69.30000000000001,-0.010043903555066347,0.11512858015484206,-0.008511978607522952
10.409999999999997,LEFT,14.98077172485131,36.79967970239144,51.780451427242745,78.57887089550348,-15.93040800694543,-14.031135442757188,169.05712781793747,137.60544917194557,78.57887089550348,-0.007786039615579998,-69.30000000000001,-0.010128075753358723,0.11682363983876098,-0.00859629274445628
10.409999999999997,RIGHT,14.979225284558437,36.79938375071034,51.77860903526878,78.57920001251813,-14.028740083922301,-15.929710485194574,137.60339891512857,169.0559741419515,78.57920001251813,-0.007786039615579998,69.30000000000001,-0.010128075753358723,0.11682363983876098,-0.00859629274445628
10.540964660644528,LEFT,14.921096316925789,36.78194731011568,51.703043627041474,78.61753912832313,-15.879049068245616,-13.963143565605966,169.06642581293568,137.6091047523134,78.61753912832313,-0.008013724036703751,-69.30000000000001,-0.010182425962820596,0.11792313908305396,-0.008650924742855004
10.540964660644528,RIGHT,14.919798003229836,36.78168566628948,51.70148366951932,78.61787285050399,-13.961216959961893,-15.878379046497777,137.60762008367323,169.0654087972879,78.61787285050399,-0.008013724036703751,69.30000000000001,-0.010182425962820596,0.11792313908305396,-0.008650924742855004
