design_id,target_center_loss,baseline_Lambda,required_surface_mobility_multiplier,equivalent_root_rate_reduction_factor,remaining_site_count_fraction,effective_site_count_reduction_percent,equivalent_barrier_increase_eV,stress_MPa,A_sigma_MPa,A_Gamma,rTJ_over_W,baseline_elapsed_s,elapsed_s_at_required_mobility
Ro100_q0.65_L8W_r1.60_th140_km+5,0.01,1.9531779659415198,2.817840165437423,2.817840165437423,0.35488173256440414,64.51182674355958,0.16338306713124778,22.20544017225527,0.09892226496946321,0.9983089050023245,25.862101757043394,21.172902470160807,7.513876312027819
Ro100_q0.65_L8W_r1.60_th140_km+5,0.02,3.9710094356277565,5.728955620103446,5.728955620103446,0.17455188455133178,82.54481154486683,0.2752882663410205,22.305698826250865,0.19918091896505885,0.9966026743672015,25.723464280367324,43.08392214319451,7.520379803957455
Ro100_q0.65_L8W_r1.60_th140_km+5,0.05,10.485948722166324,15.128026220485319,15.128026220485319,0.06610247664998556,93.38975233500145,0.4284272917234593,22.614800704298,0.5082827970121926,0.9913893229108526,25.30299461443909,114.07653427881986,7.540741443476967
Ro100_q0.65_L8W_r1.60_th140_km+5,0.1,23.527682202955702,33.94327043781571,33.94327043781571,0.029460920739267194,97.05390792607328,0.5558793963406979,23.159723845653005,1.0532059383671992,0.9823594438020483,24.586237469703796,257.2344534944176,7.5783638458077505
Ro100_q0.65_L8W_r1.60_th160_km-10,0.01,3.287814277327905,4.7433133532649,4.7433133532649,0.21082309464368063,78.91769053563193,0.24551301467314435,38.60017825730138,0.19226230502616204,0.9997180558300154,25.862101757043394,21.584648963556052,4.5505424912944
Ro100_q0.65_L8W_r1.60_th160_km-10,0.02,6.6962284765953655,9.660615615843593,9.660615615843593,0.1035130720199633,89.64869279800367,0.3576956113593115,38.795353847501694,0.3874378952264763,0.9994395232442471,25.723464280367324,43.96731643081737,4.551191992227714
Ro100_q0.65_L8W_r1.60_th160_km-10,0.05,17.78696685258918,25.661168870686787,25.661168870686787,0.03896938619745876,96.10306138025413,0.5117660285985018,39.39911616671388,0.9912002144386634,0.9986253926295637,25.30299461443909,116.83951265193623,4.553164091656171
Ro100_q0.65_L8W_r1.60_th160_km-10,0.1,40.42678238233548,58.323518462092714,58.323518462092714,0.01714574199857213,98.28542580014279,0.641250221202404,40.47113920641293,2.0632232541377107,0.9973464857690004,24.586237469703796,265.75555624481564,4.556576202060633
Ro100_q0.65_L8W_r1.60_th160_km-5,0.01,3.155294472883737,4.552127688573724,4.552127688573724,0.21967749334231018,78.03225066576897,0.23902463662223256,33.575948026768025,0.16803207449280677,0.9994772699790712,25.862101757043394,23.754783912851607,5.218391384863476
Ro100_q0.65_L8W_r1.60_th160_km-5,0.02,6.4475169486555854,9.301800727872955,9.301800727872955,0.1075060656807545,89.24939343192455,0.3517263830531364,33.74653929831302,0.3386233460377994,0.998955670788089,25.723464280367324,48.553392310569606,5.219784182763537
Ro100_q0.65_L8W_r1.60_th160_km-5,0.05,17.324597140105745,24.994110379429678,24.994110379429678,0.04000942561344399,95.9990574386556,0.5076121492356526,34.27433600814156,0.8664200558663424,0.9973982040399918,25.30299461443909,130.5716871120905,5.224098202733068
Ro100_q0.65_L8W_r1.60_th160_km-5,0.1,40.51916966208753,58.456805132432216,58.456805132432216,0.017106648194928353,98.28933518050717,0.6416102247694494,35.21179746507716,1.8038815128019436,0.9948303783871522,24.586237469703796,305.84204123147845,5.231932202565673
Ro100_q0.65_L8W_r1.60_th170_km-20,0.01,4.152848107580776,5.991293370371902,5.991293370371902,0.16690886895059961,83.30911310494004,0.282349589172177,48.991846161416944,0.25546063953967035,1.0004526449325943,25.862101757043394,21.200402462601435,3.538535196330312
Ro100_q0.65_L8W_r1.60_th170_km-20,0.02,8.45565104754154,12.198925833775748,12.198925833775748,0.08197443066923583,91.80255693307642,0.3944878894487952,49.25136613891895,0.5149806170416724,1.0009207772028186,25.723464280367324,43.156220326719385,3.5377065911189245
Ro100_q0.65_L8W_r1.60_th170_km-20,0.05,22.439563127037626,32.37344644309203,32.37344644309203,0.03088951316190136,96.91104868380987,0.5484114935833733,50.05538935439893,1.319003832521659,1.002422852209685,25.30299461443909,114.44123417911136,3.5350340094398964
Ro100_q0.65_L8W_r1.60_th170_km-20,0.1,50.87758297306175,73.40083664765295,73.40083664765295,0.013623822910906504,98.63761770890935,0.6775124972199448,51.487617714697535,2.751232192820261,1.005283437256605,24.586237469703796,259.0897399460309,3.5297927350575433
Ro100_q0.75_L12W_r1.40_th140_km+5,0.01,2.73142173599478,3.9406085930959924,3.9406085930959924,0.2537679082748831,74.62320917251168,0.2162734417085482,21.946640289302593,0.09827969541949955,0.9982856323889966,26.110118369130383,29.607774126015695,7.513502908634209
Ro100_q0.75_L12W_r1.40_th140_km+5,0.02,5.572222595876949,8.039017905801101,8.039017905801101,0.12439330422169875,87.56066957783013,0.32871630500315124,22.046254790326504,0.19789419644341066,0.9965558996737708,25.969483292895912,60.45436303933008,7.520117973080408
Ro100_q0.75_L12W_r1.40_th140_km+5,0.05,14.893225039314995,21.48638190706308,21.48638190706308,0.04654110702887937,95.34588929711207,0.48376308578656346,22.353416049229963,0.50505545534687,0.9912706021518604,25.542932608649306,162.02770424015029,7.540948724684446
Ro100_q0.75_L12W_r1.40_th140_km+5,0.1,34.42998206152955,49.67196437806465,49.67196437806465,0.020132080792874867,97.9867919207125,0.6159275361542312,22.89508725628474,1.046726662401646,0.9821155904818186,24.815727120114776,376.51890021581346,7.580108919189147
Ro100_q0.75_L12W_r1.40_th160_km-10,0.01,4.606578339082104,6.645887725260269,6.645887725260269,0.15046898794259086,84.95310120574091,0.2987027043170461,38.32916294539667,0.19179857361930175,0.9997026500394134,26.110118369130383,30.168433294955328,4.53941362570549
Ro100_q0.75_L12W_r1.40_th160_km-10,0.02,9.415678562346624,13.583952768502,13.583952768502,0.07361627480910898,92.6383725190891,0.4114482335725485,38.523881456434665,0.3865170846572994,0.9994085836459118,25.969483292895912,61.67250000946601,4.540099708861626
Ro100_q0.75_L12W_r1.40_th160_km-10,0.05,25.333015416950413,36.54781571279802,36.54781571279802,0.027361416284306918,97.26385837156931,0.5675390333260719,39.12631784040868,0.9889534686313155,0.9985470592434004,25.542932608649306,166.00743345410197,4.542198493027063
Ro100_q0.75_L12W_r1.40_th160_km-10,0.1,59.48062714977492,85.81240581794572,85.81240581794572,0.0116533267010546,98.83466732989454,0.7021512743192955,40.19631962043047,2.058955248653106,0.9971863631012415,24.815727120114776,390.09533359987626,4.54590836699624
Ro120_q0.55_L8W_r1.60_th120_km-10,0.01,5.904905610854359,8.518978041697,8.518978041697,0.11738497212991966,88.26150278700804,0.3378618300937547,34.69375799170494,0.09076356601067204,0.9971406986935807,26.257820263685257,42.37689967209909,4.9744111869617536
Ro120_q0.55_L8W_r1.60_th120_km-10,0.02,12.046550170642643,17.37949819100624,17.37949819100624,0.057539060622446084,94.24609393775539,0.45030833855363006,34.785022691613285,0.18202826591901555,0.9942407996083753,26.114866455718285,86.58026957490094,4.981747379777949
Ro120_q0.55_L8W_r1.60_th120_km-10,0.05,32.1639073361903,46.40270960953389,46.40270960953389,0.02155046566062039,97.84495343393796,0.6051901857067652,35.06179759881598,0.4588031731217086,0.9852873073139412,25.681230986851084,232.2486257782256,5.005066034559927
Ro120_q0.55_L8W_r1.60_th120_km-10,0.1,73.84015303668845,106.52882260451256,106.52882260451256,0.009387130877363514,99.06128691226364,0.736256403783287,35.53279510461284,0.9298006789185678,0.9694522897524412,24.94175715542111,537.9282277701117,5.0496026767062485
Ro150_q0.65_L12W_r1.60_th140_km+5,0.01,10.655148533327582,15.372129948967014,15.372129948967014,0.06505279381060648,93.49472061893935,0.430951767417837,13.131212092083324,0.060200153892786545,0.9976969454069896,38.79315263556509,113.08287127933147,7.356356708845705
Ro150_q0.65_L12W_r1.60_th140_km+5,0.02,21.69495867666858,31.29920929512075,31.29920929512075,0.03194968890654661,96.80503110934534,0.5430894554282918,13.192251369887007,0.12123943169646978,0.99537586385176,38.585196420550986,230.5200444135733,7.365043705736975
Ro150_q0.65_L12W_r1.60_th140_km+5,0.05,57.58475047357284,83.07723393905192,83.07723393905192,0.012036991996310704,98.79630080036893,0.6970425889408609,13.380603903325634,0.30959196513509646,0.9883004598597008,37.95449192165864,614.1327530793435,7.3923110334883155
Ro150_q0.65_L12W_r1.60_th140_km+5,0.1,130.85827431180206,188.78858340892447,188.78858340892447,0.005296930470811127,99.47030695291889,0.826500061093169,13.713278232377371,0.6422662941868342,0.9761080510919709,36.87935620455569,1405.1676707229917,7.443075451651311
Ro150_q0.65_L12W_r1.60_th160_km-5,0.01,16.89464842676675,24.373825502858917,24.373825502858917,0.041027617920818604,95.89723820791814,0.5036488337040438,24.058708761356467,0.12009812650632057,0.9988779985681301,38.79315263556509,114.30601137856047,4.689703360892323
Ro150_q0.65_L12W_r1.60_th160_km-5,0.02,34.449642737703854,49.70032873808184,49.70032873808184,0.02012059125946527,97.98794087405346,0.6160175682292991,24.18063104860491,0.24202041375476213,0.9977509530736753,38.585196420550986,233.2136190173868,4.692395904389496
Ro150_q0.65_L12W_r1.60_th160_km-5,0.05,91.89252670945308,132.57289257848458,132.57289257848458,0.007543020149522567,99.24569798504774,0.7707502959883149,24.55781739161848,0.6192067567683353,0.9943386868978893,37.95449192165864,623.1985961444002,4.700799567871387
Ro150_q0.65_L12W_r1.60_th160_km-5,0.1,211.1300346032011,304.5962539047535,304.5962539047535,0.0032830344667098155,99.67169655332901,0.9019421753025524,25.227645557163363,1.289034922313217,0.9885421139538846,36.87935620455569,1436.559200825586,4.716273369779507
Ro150_q0.65_L12W_r1.60_th170_km-10,0.01,20.477320185129845,29.542528281782296,29.542528281782296,0.03384950639504542,96.61504936049545,0.5339798074267359,29.310532145698684,0.1529417977805103,0.9994239823568083,38.79315263556509,116.64396067900502,3.948340492947407
Ro150_q0.65_L12W_r1.60_th170_km-10,0.02,41.80315544494934,60.30920505393888,60.30920505393888,0.016581216733094522,98.34187832669055,0.6465302505451417,29.465905980682948,0.30831563276477425,0.9988511547055355,38.585196420550986,238.1911325480799,3.9494987926809575
Ro150_q0.65_L12W_r1.60_th170_km-10,0.05,111.95140956478593,161.51174339964595,161.51174339964595,0.006191500252248482,99.38084997477516,0.8018894074762746,29.947283591292038,0.7896932433738648,0.9971534264177458,37.95449192165864,638.4662976309443,3.9530642428341456
Ro150_q0.65_L12W_r1.60_th170_km-10,0.1,259.6425008659433,374.5849484033048,374.5849484033048,0.002669621415015664,99.73303785849843,0.9345615917190133,30.80481774725212,1.6472273993339464,0.9944039089541382,36.87935620455569,1483.1459098786784,3.9594380826050117
