z_m,distance_from_GB_over_W,resultant_N,surface_bulk_N,surface_gradient_N,gb_bulk_N,gb_gradient_N,constraint_N
6.253262893898188e-10,-20.63576754986402,3.219922548887871e-07,3.889844957399512e-07,3.796401896559266e-07,0.0,-4.7874895059327775e-37,-4.466324305070907e-07
1.8759788681694564e-09,-20.510702291986057,3.219922789478762e-07,3.8897989222556155e-07,3.796326339664701e-07,0.0,0.0,-4.4662024724415545e-07
3.126631446949094e-09,-20.385637034108093,3.219923269791083e-07,3.8897068524524306e-07,3.796175241008532e-07,0.0,0.0,-4.465958823669879e-07
4.377284025728731e-09,-20.26057177623013,3.2199239900990023e-07,3.8895687489580103e-07,3.7959486328710535e-07,0.0,0.0,-4.4655933917300614e-07
5.62793660450837e-09,-20.135506518352166,3.2199249502113785e-07,3.8893846132240855e-07,3.795646563067546e-07,0.0,0.0,-4.465106226080253e-07
6.8785891832880065e-09,-20.010441260474202,3.219926149872849e-07,3.8891544471800427e-07,3.795269095352541e-07,0.0,0.0,-4.464497392659735e-07
8.129241762067645e-09,-19.88537600259624,3.219927588766584e-07,3.888878253236894e-07,3.794816309413966e-07,0.0,0.0,-4.4637669738842764e-07
9.379894340847282e-09,-19.760310744718275,3.219929266511552e-07,3.888556034281964e-07,3.794288300872778e-07,0.0,0.0,-4.4629150686431906e-07
1.063054691962692e-08,-19.63524548684031,3.21993118266409e-07,3.8881877936887885e-07,3.793685181270128e-07,0.0,0.0,-4.4619417922948274e-07
1.1881199498406557e-08,-19.510180228962348,3.2199333277748514e-07,3.8877735353142455e-07,3.793007078155136e-07,0.0,0.0,-4.4608472856945303e-07
1.3131852077186195e-08,-19.385114971084384,3.2199357191551405e-07,3.8873132635217677e-07,3.792254134750172e-07,0.0,0.0,-4.459631679116799e-07
1.4382504655965832e-08,-19.26004971320642,3.219938347174411e-07,3.8868069831934884e-07,3.791426510452403e-07,0.0,0.0,-4.458295146471481e-07
1.563315723474547e-08,-19.134984455328457,3.21994120754415e-07,3.8862546997810117e-07,3.790524382127807e-07,0.0,0.0,-4.4568378743646684e-07
1.6883809813525108e-08,-19.00991919745049,3.219944298005645e-07,3.885656419412768e-07,3.7895479345899986e-07,0.0,0.0,-4.455260055997121e-07
1.8134462392304746e-08,-18.88485393957253,3.2199476317059255e-07,3.88501214869817e-07,3.7884973761981555e-07,0.0,0.0,-4.4535618931903994e-07
1.9385114971084384e-08,-18.759788681694562,3.219951198891666e-07,3.8843218948642507e-07,3.787372929235711e-07,0.0,0.0,-4.451743625208296e-07
2.063576754986402e-08,-18.634723423816602,3.2199549861578874e-07,3.883585665884146e-07,3.786174833522311e-07,0.0,0.0,-4.449805513248569e-07
2.1886420128643658e-08,-18.509658165938635,3.219959013375485e-07,3.882803470712377e-07,3.7849033350739395e-07,0.0,0.0,-4.4477477924108316e-07
2.3137072707423296e-08,-18.38459290806067,3.219963275148748e-07,3.881975319148104e-07,3.783558704228114e-07,0.0,0.0,-4.4455707482274696e-07
2.4387725286202935e-08,-18.25952765018271,3.2199677495434206e-07,3.88110122214305e-07,3.78214122645879e-07,0.0,0.0,-4.4432746990584195e-07
2.563837786498257e-08,-18.134462392304744,3.219972464805558e-07,3.880181192201381e-07,3.7806511919930783e-07,0.0,0.0,-4.440859919388902e-07
2.688903044376221e-08,-18.009397134426784,3.2199774035368126e-07,3.879215243384119e-07,3.779088917204403e-07,0.0,0.0,-4.4383267570517096e-07
2.8139683022541847e-08,-17.884331876548817,3.219982555763734e-07,3.878203391956485e-07,3.7774547233593e-07,0.0,0.0,-4.435675559552051e-07
2.9390335601321485e-08,-17.759266618670853,3.219987940986965e-07,3.877145656680463e-07,3.775748946764403e-07,0.0,0.0,-4.432906662457901e-07
3.064098818010112e-08,-17.63420136079289,3.2199935410398916e-07,3.8760420593362545e-07,3.773971936536295e-07,0.0,0.0,-4.4300204548326574e-07
3.189164075888076e-08,-17.509136102914926,3.2199993641052005e-07,3.8748926254147937e-07,3.772124056829688e-07,0.0,0.0,-4.427017318139282e-07
3.31422933376604e-08,-17.384070845036963,3.2200054002933804e-07,3.8736973851028426e-07,3.770205673645309e-07,0.0,0.0,-4.423897658454771e-07
3.439294591644003e-08,-17.259005587159,3.220011658601467e-07,3.8724563740157036e-07,3.7682171657601415e-07,0.0,0.0,-4.420661881174378e-07
3.5643598495219674e-08,-17.133940329281035,3.2200181192582655e-07,3.8711696342895e-07,3.7661589244598436e-07,0.0,0.0,-4.417310439491078e-07
3.689425107399931e-08,-17.00887507140307,3.2200247985553556e-07,3.869837216187879e-07,3.764031331647375e-07,0.0,0.0,-4.4138437492798985e-07
3.8144903652778945e-08,-16.88380981352511,3.220031675553845e-07,3.8684591791073105e-07,3.7618347812651166e-07,0.0,0.0,-4.410262284818582e-07
3.9395556231558586e-08,-16.758744555647144,3.2200387585922135e-07,3.8670355931512514e-07,3.7595696632420286e-07,0.0,0.0,-4.406566497801066e-07
4.064620881033822e-08,-16.63367929776918,3.2200460556305565e-07,3.8655665407507907e-07,3.757236357180348e-07,0.0,0.0,-4.402756842300582e-07
4.1896861389117863e-08,-16.508614039891214,3.2200535394793483e-07,3.864052117790806e-07,3.7548352359144567e-07,0.0,0.0,-4.3988338142259144e-07
4.31475139678975e-08,-16.383548782013253,3.2200612163877716e-07,3.8624924348791926e-07,3.752366644163586e-07,0.0,0.0,-4.3947978626550066e-07
4.4398166546677134e-08,-16.25848352413529,3.2200690919904403e-07,3.8608876173322236e-07,3.749830889687398e-07,0.0,0.0,-4.390649415029182e-07
4.5648819125456775e-08,-16.133418266257326,3.220077127236393e-07,3.8592378033128793e-07,3.7472282041899223e-07,0.0,0.0,-4.386388880266409e-07
4.689947170423641e-08,-16.008353008379363,3.220085499193192e-07,3.857543138809934e-07,3.7445581827704865e-07,0.0,0.0,-4.382015822387228e-07
4.8150124283016046e-08,-15.883287750501399,3.220094167187457e-07,3.8558037204022206e-07,3.7418213831530056e-07,0.0,0.0,-4.37753093636777e-07
4.940077686179569e-08,-15.758222492623434,3.220103056604133e-07,3.8540195921892303e-07,3.739018777048567e-07,0.0,0.0,-4.372935312633664e-07
5.065142944057532e-08,-15.633157234745472,3.220112154255342e-07,3.8521907711034054e-07,3.7361511962751717e-07,0.0,0.0,-4.368229813123235e-07
5.1902082019354964e-08,-15.508091976867508,3.220121456672713e-07,3.8503172626772717e-07,3.733219408958982e-07,0.0,0.0,-4.3634152149635407e-07
5.31527345981346e-08,-15.383026718989543,3.2201309426150634e-07,3.848399070886085e-07,3.7302241510880537e-07,0.0,0.0,-4.358492279359075e-07
5.4403387176914235e-08,-15.25796146111158,3.2201406096829876e-07,3.8464362047344656e-07,3.7271661395502813e-07,0.0,0.0,-4.3534617346017593e-07
5.5654039755693876e-08,-15.132896203233615,3.220150449880733e-07,3.844428683089626e-07,3.7240460761622537e-07,0.0,0.0,-4.348324309371147e-07
5.690469233447351e-08,-15.007830945355654,3.2201604735545047e-07,3.8423765385634265e-07,3.720864639456241e-07,0.0,0.0,-4.343080704465163e-07
5.815534491325315e-08,-14.882765687477688,3.220170694708347e-07,3.84027982039422e-07,3.717622495614619e-07,0.0,0.0,-4.337731621300493e-07
5.940599749203279e-08,-14.757700429599723,3.2201810617573454e-07,3.838138597203587e-07,3.714320292284367e-07,0.0,0.0,-4.3322778277306095e-07
6.065665007081243e-08,-14.632635171721759,3.2201915970765933e-07,3.8359529595798246e-07,3.710958649335395e-07,0.0,0.0,-4.326720011838626e-07
6.190730264959207e-08,-14.507569913843797,3.2202022928506794e-07,3.8337230223068335e-07,3.707538155392316e-07,0.0,0.0,-4.32105888484847e-07
6.31579552283717e-08,-14.382504655965834,3.2202131427726953e-07,3.8314489262459885e-07,3.704059351547824e-07,0.0,0.0,-4.3152951350211174e-07
6.440860780715134e-08,-14.25743939808787,3.2202241354561255e-07,3.829130839063861e-07,3.70052271598393e-07,0.0,0.0,-4.309429419591666e-07
6.565926038593097e-08,-14.132374140209905,3.220235259402866e-07,3.8267689540580305e-07,3.696928608038246e-07,0.0,0.0,-4.303462302693411e-07
6.690991296471062e-08,-14.00730888233194,3.220246700809301e-07,3.8243634850210347e-07,3.693276580431841e-07,0.0,0.0,-4.2973933646435745e-07
6.816056554349025e-08,-13.882243624453977,3.220258435141201e-07,3.821914596783508e-07,3.6895672175243886e-07,0.0,0.0,-4.291223379166695e-07
6.941121812226989e-08,-13.757178366576015,3.22027038079521e-07,3.819422384239649e-07,3.685801866140775e-07,0.0,0.0,-4.2849538695852133e-07
7.066187070104952e-08,-13.63211310869805,3.2202824968292935e-07,3.816886906070336e-07,3.681981645629279e-07,0.0,0.0,-4.2785860548703213e-07
7.191252327982916e-08,-13.507047850820086,3.2202947595935797e-07,3.8143082076897357e-07,3.6781075811677414e-07,0.0,0.0,-4.272121029263897e-07
7.31631758586088e-08,-13.381982592942123,3.22030717671996e-07,3.81168633686382e-07,3.6741806186095504e-07,0.0,0.0,-4.2655597787534105e-07
7.441382843738844e-08,-13.25691733506416,3.220319726463161e-07,3.8090213540975303e-07,3.6702016688572206e-07,0.0,0.0,-4.2589032964915894e-07
7.566448101616808e-08,-13.131852077186197,3.220332409878601e-07,3.8063133410558473e-07,3.666171580913976e-07,0.0,0.0,-4.2521525120912224e-07
7.691513359494771e-08,-13.006786819308232,3.22034522239419e-07,3.8035624065272456e-07,3.6620911615024524e-07,0.0,0.0,-4.245308345635507e-07
7.816578617372735e-08,-12.881721561430266,3.2203581320115846e-07,3.800768691485439e-07,3.6579611559623236e-07,0.0,0.0,-4.238371715436178e-07
7.941643875250698e-08,-12.756656303552305,3.220371178443427e-07,3.7979323728420505e-07,3.653782228570561e-07,0.0,0.0,-4.231343422969185e-07
8.066709133128663e-08,-12.63159104567434,3.2203843163436485e-07,3.795053665191671e-07,3.6495549327740913e-07,0.0,0.0,-4.2242242816221143e-07
8.191774391006627e-08,-12.506525787796377,3.220397549352693e-07,3.7921328192334713e-07,3.6452795257130035e-07,0.0,0.0,-4.2170147955937817e-07
8.31683964888459e-08,-12.381460529918412,3.220411190375977e-07,3.789170106695113e-07,3.6409551891253907e-07,0.0,0.0,-4.209714105444527e-07
8.441904906762554e-08,-12.256395272040448,3.2204250521189797e-07,3.7861657012011106e-07,3.636583699322192e-07,0.0,0.0,-4.2023243484043227e-07
8.566970164640517e-08,-12.131330014162486,3.220439062920225e-07,3.783119720178541e-07,3.6321664621391177e-07,0.0,0.0,-4.1948471193974333e-07
8.692035422518482e-08,-12.006264756284521,3.2204531925957813e-07,3.7800322579672175e-07,3.627704698707838e-07,0.0,0.0,-4.187283764079274e-07
8.817100680396446e-08,-11.881199498406557,3.2204674255481123e-07,3.7769034084801334e-07,3.623199523297668e-07,0.0,0.0,-4.179635506229689e-07
8.942165938274409e-08,-11.756134240528594,3.220481761449834e-07,3.7737332809693307e-07,3.618651970068526e-07,0.0,0.0,-4.171903489588022e-07
9.067231196152373e-08,-11.63106898265063,3.220496198635123e-07,3.770522011746285e-07,3.614062992712831e-07,0.0,0.0,-4.1640888058239934e-07
9.192296454030336e-08,-11.506003724772667,3.2205106950382596e-07,3.7672697729804385e-07,3.60943345924764e-07,0.0,0.0,-4.156192537189819e-07
9.3173617119083e-08,-11.380938466894703,3.2205252667290574e-07,3.7639767791847123e-07,3.6047641281739565e-07,0.0,0.0,-4.1482156406296114e-07
9.442426969786265e-08,-11.25587320901674,3.220539889414393e-07,3.7606432906984223e-07,3.6000555982984023e-07,0.0,0.0,-4.140158999582432e-07
9.567492227664228e-08,-11.130807951138776,3.220554676537604e-07,3.7572696126385323e-07,3.595307801542109e-07,0.0,0.0,-4.132022737643037e-07
9.692557485542192e-08,-11.005742693260812,3.220569804439457e-07,3.7538560502102666e-07,3.590520542979879e-07,0.0,0.0,-4.1238067887506885e-07
9.817622743420155e-08,-10.880677435382848,3.220585106990204e-07,3.7504028158020255e-07,3.5856957041602414e-07,0.0,0.0,-4.115513412972063e-07
9.942688001298119e-08,-10.755612177504885,3.2206005127872984e-07,3.746910071199137e-07,3.5808347738172106e-07,0.0,0.0,-4.1071443322290486e-07
1.0067753259176083e-07,-10.63054691962692,3.2206160112498357e-07,3.743377962242107e-07,3.5759390492587863e-07,0.0,0.0,-4.0987010002510573e-07
1.0192818517054047e-07,-10.505481661748956,3.2206315635574645e-07,3.739806643145056e-07,3.5710097013986855e-07,0.0,0.0,-4.090184780986277e-07
1.031788377493201e-07,-10.380416403870992,3.2206471713938215e-07,3.736196293847359e-07,3.5660477920224476e-07,0.0,0.0,-4.081596914475985e-07
1.0442949032809974e-07,-10.255351145993028,3.220662822522441e-07,3.7325471329466406e-07,3.5610542636389897e-07,0.0,0.0,-4.072938574063189e-07
1.0568014290687937e-07,-10.130285888115065,3.220678493200015e-07,3.728859426634608e-07,3.556029917134092e-07,0.0,0.0,-4.0642108505686844e-07
1.0693079548565902e-07,-10.005220630237101,3.220694160854391e-07,3.7251334936633155e-07,3.5509753365434655e-07,0.0,0.0,-4.05541466935239e-07
1.0818144806443866e-07,-9.880155372359138,3.2207101254731356e-07,3.7213697052098865e-07,3.545889910823071e-07,0.0,0.0,-4.046549490559822e-07
1.094321006432183e-07,-9.755090114481174,3.220726330297781e-07,3.7175683900515537e-07,3.5407744885924945e-07,0.0,0.0,-4.037616548346267e-07
1.1068275322199793e-07,-9.63002485660321,3.220742639388087e-07,3.713729795807928e-07,3.535630928633068e-07,0.0,0.0,-4.0286180850529093e-07
1.1193340580077756e-07,-9.504959598725247,3.2207590115344107e-07,3.7098541313539033e-07,3.530460729490264e-07,0.0,0.0,-4.0195558493097566e-07
1.131840583795572e-07,-9.379894340847283,3.220775440287606e-07,3.705941601209998e-07,3.525265198130947e-07,0.0,0.0,-4.0104313590533384e-07
1.1443471095833685e-07,-9.254829082969318,3.220791877845514e-07,3.7019924298400725e-07,3.520045495974306e-07,0.0,0.0,-4.0012460479688646e-07
1.1568536353711648e-07,-9.129763825091356,3.220808334984445e-07,3.698006879126498e-07,3.514802647741367e-07,0.0,0.0,-3.99200119188342e-07
1.1693601611589612e-07,-9.004698567213392,3.2208247702833116e-07,3.693985261035688e-07,3.509537507527538e-07,0.0,0.0,-3.982697998279914e-07
1.1818666869467575e-07,-8.879633309335428,3.2208411723502617e-07,3.6899279450685985e-07,3.5042506901620295e-07,0.0,0.0,-3.9733374628803663e-07
1.194373212734554e-07,-8.754568051457465,3.220857853007762e-07,3.6858353608334677e-07,3.4989414420711217e-07,0.0,0.0,-3.963918949896827e-07
1.2068797385223504e-07,-8.6295027935795,3.220874736176208e-07,3.6817078901688983e-07,3.493610824348175e-07,0.0,0.0,-3.9544439783408654e-07
1.2193862643101466e-07,-8.504437535701538,3.220891706535814e-07,3.677545835233188e-07,3.488260745934409e-07,0.0,0.0,-3.9449148746317824e-07
1.231892790097943e-07,-8.379372277823572,3.2209087180208893e-07,3.673349462190451e-07,3.4828927343040477e-07,0.0,0.0,-3.9353334784736093e-07
1.2443993158857395e-07,-8.254307019945607,3.220925718339536e-07,3.669119037185271e-07,3.4775081129258557e-07,0.0,0.0,-3.9257014317715913e-07
1.2569058416735358e-07,-8.129241762067645,3.220942716566976e-07,3.664854852202691e-07,3.47210803417023e-07,0.0,0.0,-3.9160201698059447e-07
1.2694123674613323e-07,-8.004176504189681,3.2209596817938897e-07,3.6605572434602575e-07,3.466693482485705e-07,0.0,0.0,-3.9062910441520727e-07
1.2819188932491285e-07,-7.8791112463117186,3.220976588892545e-07,3.6562266041305665e-07,3.461265222111429e-07,0.0,0.0,-3.8965152373494504e-07
1.294425419036925e-07,-7.754045988433754,3.220993547763267e-07,3.651863390710116e-07,3.4558233137163114e-07,0.0,0.0,-3.886693156663161e-07
1.3069319448247214e-07,-7.628980730555789,3.221010803193227e-07,3.647468089339213e-07,3.450367219711795e-07,0.0,0.0,-3.876824505857781e-07
1.3194384706125177e-07,-7.503915472677827,3.2210281670153037e-07,3.643041088410637e-07,3.444899131610177e-07,0.0,0.0,-3.86691205300551e-07
1.3319449964003141e-07,-7.378850214799861,3.2210455495606706e-07,3.6385827216900156e-07,3.4394207183804354e-07,0.0,0.0,-3.8569578905097803e-07
1.3444515221881104e-07,-7.2537849569218995,3.221062908175817e-07,3.634093310338907e-07,3.4339333894190836e-07,0.0,0.0,-3.846963791582174e-07
1.3569580479759068e-07,-7.128719699043935,3.2210802271566464e-07,3.6295731939644687e-07,3.428438359404536e-07,0.0,0.0,-3.836931326212359e-07
1.3694645737637033e-07,-7.00365444116597,3.2210974784637607e-07,3.6250227528567723e-07,3.4229366549342574e-07,0.0,0.0,-3.8268619293272685e-07
1.3819710995514995e-07,-6.878589183288008,3.2211146611301663e-07,3.620442423253465e-07,3.4174290761470817e-07,0.0,0.0,-3.81675683827038e-07
1.394477625339296e-07,-6.753523925410043,3.221131831656271e-07,3.615832705780366e-07,3.4119157866061657e-07,0.0,0.0,-3.8066166607302613e-07
1.4069841511270923e-07,-6.6284586675320805,3.2211492898581405e-07,3.611194141591046e-07,3.4063960109073305e-07,0.0,0.0,-3.796440862640236e-07
1.4194906769148887e-07,-6.503393409654116,3.2211668382798907e-07,3.6065271698626155e-07,3.4008719986460446e-07,0.0,0.0,-3.78623233022877e-07
1.431997202702685e-07,-6.378328151776154,3.2211843807089404e-07,3.6018321691155553e-07,3.395345452891434e-07,0.0,0.0,-3.775993241298049e-07
1.4445037284904814e-07,-6.253262893898189,3.2212018717862106e-07,3.597109500039666e-07,3.389817797201796e-07,0.0,0.0,-3.7657254254552516e-07
1.457010254278278e-07,-6.128197636020224,3.221219297520908e-07,3.592359537127206e-07,3.3842902480368895e-07,0.0,0.0,-3.7554304876431873e-07
1.4695167800660741e-07,-6.003132378142261,3.221236624920886e-07,3.587582690539266e-07,3.3787638196267704e-07,0.0,0.0,-3.74510988524515e-07
1.4820233058538706e-07,-5.878067120264297,3.221253838330412e-07,3.5827794201093906e-07,3.373239276282002e-07,0.0,0.0,-3.7347648580609806e-07
1.4945298316416668e-07,-5.753001862386335,3.2212711302098603e-07,3.5779502420553163e-07,3.3677163751040276e-07,0.0,0.0,-3.724395486949484e-07
1.5070363574294633e-07,-5.62793660450837,3.22128862080845e-07,3.573095666668176e-07,3.3621951456439596e-07,0.0,0.0,-3.714002191503686e-07
1.5195428832172598e-07,-5.502871346630405,3.221306149816838e-07,3.5682160928020443e-07,3.356677783502992e-07,0.0,0.0,-3.7035877264881986e-07
1.532049409005056e-07,-5.377806088752443,3.2213236256364005e-07,3.563311846442217e-07,3.3511659856404003e-07,0.0,0.0,-3.693154206446217e-07
1.5445559347928525e-07,-5.252740830874478,3.2213410387994557e-07,3.5583832173429343e-07,3.345661194002441e-07,0.0,0.0,-3.6827033725459196e-07
1.5570624605806487e-07,-5.127675572996516,3.2213583337171064e-07,3.5534304828023354e-07,3.3401646621013745e-07,0.0,0.0,-3.6722368111866036e-07
1.5695689863684452e-07,-5.0026103151185515,3.2213754948837363e-07,3.5484539206392525e-07,3.3346774450205893e-07,0.0,0.0,-3.6617558707761055e-07
1.5820755121562417e-07,-4.877545057240586,3.2213924878109707e-07,3.543453812001973e-07,3.329200324084779e-07,0.0,0.0,-3.6512616482757813e-07
1.594582037944038e-07,-4.752479799362624,3.2214097357202e-07,3.538430436133593e-07,3.3237323927418086e-07,0.0,0.0,-3.6407530931552014e-07
1.6070885637318344e-07,-4.627414541484659,3.221427040288803e-07,3.5333839129767125e-07,3.318275512369016e-07,0.0,0.0,-3.630232385056925e-07
1.6195950895196306e-07,-4.502349283606697,3.2214443027418216e-07,3.528314171150133e-07,3.312831918449729e-07,0.0,-3.544013669211981e-49,-3.61970178685804e-07
1.632101615307427e-07,-4.377284025728732,3.221461464524308e-07,3.5232209659957407e-07,3.30740353150613e-07,2.953164147200078e-29,-1.2201255551223835e-46,-3.6091630329775634e-07
1.6446081410952236e-07,-4.252218767850767,3.221478496398117e-07,3.518103883607129e-07,3.3019921344322813e-07,5.613691746909268e-28,2.189115470965593e-45,-3.5986175216412925e-07
1.6571146668830198e-07,-4.127153509972805,3.221495361692644e-07,3.512962326100933e-07,3.2965994122251444e-07,2.952680993401244e-29,-2.5573058511162975e-46,-3.588066376633433e-07
1.6696211926708163e-07,-4.002088252094841,3.2215120154843565e-07,3.50779547843628e-07,3.291226941913494e-07,5.61251998151012e-28,-1.3959806478926955e-46,-3.5775104048654176e-07
1.6821277184586125e-07,-3.8770229942168783,3.22152864480183e-07,3.50260225590084e-07,3.285875554229966e-07,1.1937882924052262e-27,-1.9017493956042267e-43,-3.566949165328976e-07
1.694634244246409e-07,-3.7519577363389134,3.2215453790858466e-07,3.4973811784735895e-07,3.2805461900811765e-07,2.4383729373239754e-26,6.970941269306809e-44,-3.5563819894689194e-07
1.7071407700342055e-07,-3.6268924784609484,3.2215620627957357e-07,3.4921301582410225e-07,3.275242479325369e-07,3.365589884842836e-26,-8.09499524464073e-41,-3.545810574770656e-07
1.7196472958220017e-07,-3.501827220582986,3.221578577032169e-07,3.4868464224044685e-07,3.269967816341969e-07,2.3838685876587132e-23,-1.4835282938889856e-37,-3.535235661714268e-07
1.7321538216097982e-07,-3.3767619627050216,3.221594877904606e-07,3.4815264111619445e-07,3.264725669227761e-07,5.33255259840697e-22,-1.0255483979199559e-36,-3.524657202485105e-07
1.7446603473975944e-07,-3.2516967048270593,3.2216109192918965e-07,3.4761656318387784e-07,3.25951969938104e-07,1.8830379662095923e-21,-1.467072496584431e-35,-3.514074411927941e-07
1.757166873185391e-07,-3.1266314469490943,3.2216266363587784e-07,3.4707584639980477e-07,3.254353819654952e-07,7.495582173060564e-21,-2.2779973846025957e-34,-3.5034856472942966e-07
1.7696733989731874e-07,-3.0015661890711294,3.2216419605012195e-07,3.465297908986513e-07,3.2492321517521484e-07,2.885000964054122e-20,-3.2568853597568766e-33,-3.4928881002377304e-07
1.7821799247609836e-07,-2.8765009311931675,3.2216573848068223e-07,3.4597752783034646e-07,3.2441573899174147e-07,1.0944621932200706e-19,-4.6731022029504226e-32,-3.482275283415152e-07
1.79468645054878e-07,-2.7514356733152026,3.221672554987226e-07,3.454179623246916e-07,3.239136814989092e-07,4.141906982333977e-19,-6.699109103950083e-31,-3.4716438832529244e-07
1.8071929763365763e-07,-2.6263704154372403,3.221687350114098e-07,3.448497300051809e-07,3.2341778775658294e-07,1.5665866189303803e-18,-9.610811376855443e-30,-3.4609878275192066e-07
1.8196995021243728e-07,-2.5013051575592757,3.2217016540809147e-07,3.442711451894827e-07,3.229288522584735e-07,5.92468626763656e-18,-1.379029956924681e-28,-3.4502983204578937e-07
1.832206027912169e-07,-2.3762398996813134,3.221715360670766e-07,3.4368013757730297e-07,3.224477260786325e-07,2.2407049902607702e-17,-1.9784755914470646e-27,-3.4395632761126597e-07
1.8447125536999655e-07,-2.2511746418033485,3.221728336349896e-07,3.430741764056748e-07,3.2197530666174184e-07,8.473776063773773e-17,-2.838465746335087e-26,-3.4287664951716484e-07
1.857219079487762e-07,-2.1261093839253835,3.2217405598250176e-07,3.4245018198266814e-07,3.215124645923134e-07,3.204473371412435e-16,-4.07213860714441e-25,-3.417885909129272e-07
1.8697256052755582e-07,-2.0010441260474217,3.2217522580298224e-07,3.4180442296265634e-07,3.2105996482678867e-07,1.2117603089182515e-15,-5.841732677780516e-24,-3.406891631982231e-07
1.8822321310633547e-07,-1.8759788681694567,3.221763039189523e-07,3.4113239089713185e-07,3.206188590858293e-07,4.58198166594718e-15,-8.379876563419876e-23,-3.3957495064599034e-07
1.894738656851151e-07,-1.7509136102914944,3.2217726112476875e-07,3.4042869473180196e-07,3.201899369459136e-07,1.7324490248087293e-14,-1.2019988397411954e-21,-3.384413878774358e-07
1.9072451826389474e-07,-1.6258483524135297,3.221780740640675e-07,3.396869731144335e-07,3.197735223935049e-07,6.549830830605473e-14,-1.723982854460998e-20,-3.37282486942162e-07
1.9197517084267439e-07,-1.5007830945355647,3.2217883786634716e-07,3.38899854083133e-07,3.1936892585541614e-07,2.4760042393839377e-13,-2.4723697672415273e-19,-3.360901896723787e-07
1.93225823421454e-07,-1.3757178366576026,3.221798258572913e-07,3.3805900560729757e-07,3.1897417900421115e-07,9.35859239213368e-13,-3.545123694215406e-18,-3.3485429460991155e-07
1.9447647600023366e-07,-1.2506525787796379,3.2218220641497145e-07,3.3715537278132006e-07,3.1858519088500815e-07,3.536630162737658e-12,-5.082389694064127e-17,-3.3356189383069566e-07
1.9572712857901328e-07,-1.1255873209016756,3.22190720547555e-07,3.361798213014173e-07,3.1819325848410477e-07,1.3361761111468064e-11,-7.284408471373186e-16,-3.3219572027063773e-07
1.9697778115779293e-07,-1.0005220630237108,3.2222368836629037e-07,3.3512445876476426e-07,3.1778244561406125e-07,5.046573003261413e-11,-1.0436617442136236e-14,-3.307336713059503e-07
1.9822843373657257e-07,-0.8754568051457459,3.2234598004613227e-07,3.339853368807982e-07,3.1731311909179647e-07,1.905113174642763e-10,-1.494314644055814e-13,-3.2914283781246216e-07
1.994790863153522e-07,-0.7503915472677837,3.228327871361225e-07,3.3277033105455286e-07,3.1668815424163053e-07,7.185246740897286e-10,-2.1361832043073598e-12,-3.2734208665094626e-07
2.0072973889413184e-07,-0.6253262893898189,3.246566946193414e-07,3.315165679595439e-07,3.158207678292796e-07,2.705620975853479e-09,-3.04138598993902e-11,-3.253558482854362e-07
2.0198039147291147e-07,-0.5002610315118567,3.312274347897686e-07,3.303105007562351e-07,3.1458980358932364e-07,1.014999591957363e-08,-4.274493717495764e-10,-3.2339541610361414e-07
2.0323104405169111e-07,-0.37519577363389184,3.517334366367862e-07,3.293200137521681e-07,3.1291264345332686e-07,3.765232286657773e-08,-5.7469173499227e-09,-3.2240462608536385e-07
2.0448169663047076e-07,-0.25013051575592704,3.8191652924201296e-07,3.2883768762690655e-07,3.1140379898782847e-07,1.3452542985040977e-07,-6.690840128925943e-08,-3.2594198593387237e-07
2.0573234920925038e-07,-0.12506525787796482,1.9436319622585874e-07,3.2924682159159086e-07,3.1402493077076133e-07,4.252955479252199e-07,-5.288943115802764e-07,-3.45309792481437e-07
2.0698300178803003e-07,0.0,-7.053697717351096e-07,3.3034026622442264e-07,3.205728619029217e-07,9.614739973697846e-07,-1.913512687584599e-06,-4.0424420964763927e-07
2.0823365436680966e-07,0.1250652578779622,-1.0905600645901124e-06,3.306135104854495e-07,3.178908656746317e-07,1.1054503153239894e-06,-2.340923858143336e-06,-5.035908979308468e-07
2.094843069455893e-07,0.25013051575592704,-2.9441765825608685e-07,3.299369360410758e-07,3.0231199025430923e-07,5.880794586853461e-07,-9.268149506746828e-07,-5.879310925621353e-07
2.1073495952436895e-07,0.37519577363389184,5.029043001475868e-08,3.306699712457121e-07,2.947684967528569e-07,1.9931330611543347e-07,-1.415619800433291e-07,-6.328993640559147e-07
2.1198561210314857e-07,0.5002610315118541,2.2242781478590393e-08,3.331766061299956e-07,2.99327400784004e-07,5.711582109965447e-08,-1.2901125481626814e-08,-6.544759210534368e-07
2.1323626468192822e-07,0.6253262893898189,-1.0960203114146301e-08,3.3648268294298494e-07,3.0482112414185864e-07,1.554722362900849e-08,-9.771827700448322e-10,-6.668340510579534e-07
2.1448691726070784e-07,0.7503915472677811,-2.2317564598726253e-08,3.398956096801763e-07,3.090805142251239e-07,4.165572392913954e-09,-7.003150843217608e-11,-6.753892293885083e-07
2.157375698394875e-07,0.8754568051457459,-2.553195957434647e-08,3.4306355778872954e-07,3.122052930103592e-07,1.1096683505492461e-09,-4.9367279746089465e-12,-6.819055419960098e-07
2.1698822241826714e-07,1.0005220630237108,-2.638554694451686e-08,3.458522649700846e-07,3.1464489785961657e-07,2.948396778243275e-10,-3.461130458847831e-13,-6.871772033389964e-07
2.1823887499704676e-07,1.125587320901673,-2.6612672038653928e-08,3.4823926353140616e-07,3.1670016099014125e-07,7.822764016072103e-11,-2.4213100821887623e-14,-6.916302999872612e-07
2.194895275758264e-07,1.2506525787796379,-2.6672474991845076e-08,3.5024611475467347e-07,3.18493397761511e-07,2.0734305856829024e-11,-1.6918090176100104e-15,-6.954327201220774e-07
2.2074018015460603e-07,1.3757178366576,-2.668854376309658e-08,3.5191254944411665e-07,3.2008772926304e-07,5.491161907752933e-12,-1.1810680924668417e-16,-6.986943135140542e-07
2.2199083273338568e-07,1.5007830945355647,-2.669376747480203e-08,3.5328402114821163e-07,3.215171510051402e-07,1.4532612461398117e-12,-8.2394310263814e-18,-7.014963928811606e-07
2.232414853121653e-07,1.625848352413527,-2.6696128100636333e-08,3.5440532672377366e-07,3.227965216543012e-07,3.8438730192306653e-13,-5.7446532474871395e-19,-7.038983608654386e-07
2.2449213789094495e-07,1.7509136102914917,-2.669803243660541e-08,3.5531754358259394e-07,3.239335409538329e-07,1.0161861404534716e-13,-4.003214826587225e-20,-7.059492185916063e-07
2.257427904697246e-07,1.8759788681694567,-2.669979891469913e-08,3.5605690758867935e-07,3.249288846251493e-07,2.685226181168375e-14,-2.788413859729519e-21,-7.076856179807868e-07
2.2699344304850422e-07,2.001044126047419,-2.6701410436895174e-08,3.566545435756949e-07,3.257800730375844e-07,7.092686528573766e-15,-1.9414571305293708e-22,-7.091360341428608e-07
2.2824409562728387e-07,2.1261093839253835,-2.6702797621342477e-08,3.5713671502264895e-07,3.2648321301385916e-07,1.872740564256106e-15,-1.351248994567799e-23,-7.103227275305912e-07
2.294947482060635e-07,2.251174641803346,-2.670387844381835e-08,3.5752530651354704e-07,3.270339264556631e-07,4.943025785908693e-16,-9.401377844569327e-25,-7.112631119073311e-07
2.3074540078484314e-07,2.3762398996813108,-2.6704601971148323e-08,3.57838386212345e-07,3.2742786383853307e-07,1.304260867466053e-16,-6.538891037110843e-26,-7.119708521524525e-07
2.319960533636228e-07,2.5013051575592757,-2.6704905374834737e-08,3.580907669159964e-07,3.276609633755623e-07,3.440376222433592e-17,-4.546544689906657e-27,-7.124566357007971e-07
2.332467059424024e-07,2.6263704154372376,-2.670475290253073e-08,3.582945244582739e-07,3.277296748836112e-07,9.071928105616048e-18,-3.160448049429622e-28,-7.127289522534877e-07
2.3449735852118206e-07,2.7514356733152026,-2.670416546852332e-08,3.5845946205796003e-07,3.276311346022785e-07,2.391224218516561e-18,-2.195879385044459e-29,-7.12794762131153e-07
2.3574801109996168e-07,2.876500931193165,-2.6703124440164692e-08,3.5859352597030786e-07,3.273626553790304e-07,6.305198271872655e-19,-1.5250667868164069e-30,-7.126593057901335e-07
2.3699866367874133e-07,3.0015661890711294,-2.6701560259949053e-08,3.5870314316406374e-07,3.269216976933503e-07,1.6605910032295952e-19,-1.0610192550541712e-31,-7.123264011175291e-07
2.3824931625752098e-07,3.1266314469490943,-2.6699470645091482e-08,3.5879348616042814e-07,3.263063958857254e-07,4.357265009744726e-20,-7.37334915731415e-33,-7.117993526912887e-07
2.394999688363006e-07,3.2516967048270566,-2.6696845759760692e-08,3.5886870849762726e-07,3.255152574799122e-07,1.1317416311641101e-20,-4.9670827772194785e-34,-7.110808117373115e-07
2.4075062141508025e-07,3.3767619627050216,-2.669369730035587e-08,3.589321403271747e-07,3.2454706915596406e-07,3.3794972486030577e-21,-3.2611636628846454e-35,-7.10172906783498e-07
2.420012739938599e-07,3.501827220582986,-2.6690015252141046e-08,3.589864484251294e-07,3.2340085567349175e-07,1.0103949899614962e-21,-3.526512941756642e-36,-7.090773193507632e-07
2.432519265726395e-07,3.6268924784609458,-2.6685809278765928e-08,3.59033767237602e-07,3.2207583913321523e-07,0.0,-3.6824066298466402e-37,-7.077954156495832e-07
2.4450257915141914e-07,3.7519577363389107,-2.668108174846698e-08,3.590758067683197e-07,3.205713892225788e-07,0.0,0.0,-7.063282777393655e-07
2.457532317301988e-07,3.8770229942168757,-2.6675855613564803e-08,3.591139420058805e-07,3.1888697133222055e-07,0.0,0.0,-7.046767689516659e-07
2.4700388430897844e-07,4.002088252094841,-2.6670150333097217e-08,3.591492881400551e-07,3.1702206442109844e-07,0.0,0.0,-7.028415028942508e-07
2.482545368877581e-07,4.127153509972805,-2.6663850461172956e-08,3.59182766017027e-07,3.1497565074391243e-07,0.0,0.0,-7.008222672221124e-07
2.495051894665377e-07,4.252218767850764,-2.66569254523082e-08,3.592151232244207e-07,3.127470538692912e-07,0.0,0.0,-6.986191025460201e-07
2.5075584204531733e-07,4.37728402572873,-2.664945541180902e-08,3.592469253063111e-07,3.1033665856505447e-07,0.0,0.0,-6.962330392831746e-07
2.52006494624097e-07,4.502349283606694,-2.6641512629547932e-08,3.592786042013463e-07,3.077446097728502e-07,0.0,0.0,-6.936647266037444e-07
2.532571472028766e-07,4.627414541484659,-2.663318499619098e-08,3.5931050965511624e-07,3.0497081001055105e-07,0.0,0.0,-6.909145046618583e-07
2.545077997816563e-07,4.752479799362624,-2.662414286042295e-08,3.5934296661259254e-07,3.020138575594071e-07,0.0,0.0,-6.879809670324225e-07
2.5575845236043587e-07,4.877545057240583,-2.6614561088208608e-08,3.5937622481622577e-07,2.988741774216199e-07,0.0,0.0,-6.848649633260543e-07
2.570091049392155e-07,5.002610315118549,-2.6604543484998945e-08,3.594104504413955e-07,2.95552347594032e-07,0.0,0.0,-6.815673415204264e-07
2.5825975751799517e-07,5.127675572996513,-2.659405332049367e-08,3.594457776891136e-07,2.920480304680361e-07,0.0,0.0,-6.780878614776433e-07
2.595104100967748e-07,5.252740830874478,-2.6582939905791343e-08,3.5948235849783807e-07,2.8836013982205474e-07,0.0,0.0,-6.744254382256841e-07
2.6076106267555446e-07,5.377806088752443,-2.6571399117743825e-08,3.595202823232464e-07,2.8448979197587493e-07,0.0,0.0,-6.705814734168652e-07
2.6201171525433406e-07,5.5028713466304024,-2.6559377419907277e-08,3.595596059336063e-07,2.804367837266239e-07,0.0,0.0,-6.665557670801374e-07
2.632623678331137e-07,5.627936604508367,-2.654679186365024e-08,3.5960041645784046e-07,2.762001447544198e-07,0.0,0.0,-6.623473530759105e-07
2.6451302041189336e-07,5.753001862386332,-2.65339066870506e-08,3.596427524070058e-07,2.7178108906737257e-07,0.0,0.0,-6.57957748161429e-07
2.65763672990673e-07,5.878067120264297,-2.6520324644491183e-08,3.5968665595913686e-07,2.6717848490484326e-07,0.0,0.0,-6.533854655084713e-07
2.6701432556945265e-07,6.003132378142261,-2.6506404224234207e-08,3.597321679578808e-07,2.623928831226204e-07,0.0,0.0,-6.486314553047354e-07
2.6826497814823225e-07,6.1281976360202215,-2.6491933241969723e-08,3.597792972273523e-07,2.574243158204251e-07,0.0,0.0,-6.436955462897471e-07
2.695156307270119e-07,6.253262893898186,-2.6477090520865747e-08,3.598280779765357e-07,2.522722707596993e-07,0.0,0.0,-6.385774392571007e-07
2.7076628330579154e-07,6.378328151776151,-2.64617615942155e-08,3.5987851174484945e-07,2.469373599833721e-07,0.0,0.0,-6.332776333224371e-07
2.720169358845712e-07,6.503393409654116,-2.6446069315686965e-08,3.5993062478529505e-07,2.414188408678948e-07,0.0,0.0,-6.277955349688769e-07
2.7326758846335084e-07,6.6284586675320805,-2.6429841387199947e-08,3.599844158487225e-07,2.3571732403568952e-07,0.0,0.0,-6.22131581271612e-07
2.7451824104213044e-07,6.7535239254100405,-2.64134130638589e-08,3.600399004004286e-07,2.2983236683176205e-07,0.0,0.0,-6.162856802960496e-07
2.757688936209101e-07,6.878589183288005,-2.6396316747859737e-08,3.600970803200462e-07,2.2376401912690892e-07,0.0,0.0,-6.102574161948148e-07
2.7701954619968973e-07,7.00365444116597,-2.637924150742107e-08,3.601559582482756e-07,2.1751261328865008e-07,0.0,0.0,-6.040478130443468e-07
2.782701987784694e-07,7.128719699043935,-2.6361553235044603e-08,3.602165575450672e-07,2.1107706003976765e-07,0.0,0.0,-5.976551708198795e-07
2.7952085135724903e-07,7.2537849569218995,-2.634335324705558e-08,3.6027887955351205e-07,2.0445850490700899e-07,0.0,0.0,-5.910807377075766e-07
2.807715039360286e-07,7.378850214799859,-2.6325223177627237e-08,3.603429211570008e-07,1.9765657218545833e-07,0.0,0.0,-5.843247165200864e-07
2.820221565148083e-07,7.503915472677824,-2.630654269420224e-08,3.604087011222005e-07,1.9067047378908562e-07,0.0,0.0,-5.773857176054884e-07
2.832728090935879e-07,7.628980730555789,-2.6287276731734264e-08,3.6047622495990233e-07,1.8350109980530605e-07,0.0,0.0,-5.702646014969427e-07
2.8452346167236757e-07,7.754045988433754,-2.626782954839459e-08,3.605454833713451e-07,1.761483180792976e-07,0.0,0.0,-5.629616309990372e-07
2.857741142511472e-07,7.8791112463117186,-2.624835649098194e-08,3.6061647094997886e-07,1.6861188728636182e-07,0.0,0.0,-5.554767147273227e-07
2.870247668299268e-07,8.004176504189678,-2.6228632497153446e-08,3.6068919733098864e-07,1.608914538951138e-07,0.0,0.0,-5.478092837232559e-07
2.8827541940870646e-07,8.129241762067643,-2.6208427842029556e-08,3.6076367797415e-07,1.5298715243197737e-07,0.0,0.0,-5.399592582481569e-07
2.895260719874861e-07,8.254307019945607,-2.6187833492899774e-08,3.6083992185698286e-07,1.4489915472713295e-07,0.0,0.0,-5.319269100770156e-07
2.9077672456626576e-07,8.379372277823572,-2.6166955376382208e-08,3.6091792936821796e-07,1.3662739993013055e-07,0.0,0.0,-5.237122846747307e-07
2.920273771450454e-07,8.504437535701538,-2.614584733902232e-08,3.6099769666764373e-07,1.281718336747628e-07,0.0,0.0,-5.153153776814288e-07
2.93278029723825e-07,8.629502793579498,-2.612454844519433e-08,3.6107921747308216e-07,1.1953241208019975e-07,0.0,0.0,-5.067361779984763e-07
2.9452868230260465e-07,8.754568051457461,-2.610311073472438e-08,3.6116248363420135e-07,1.1070909701810492e-07,0.0,0.0,-4.979746913870307e-07
2.957793348813843e-07,8.879633309335427,-2.6081644518264428e-08,3.6124748626133266e-07,1.0170181163586791e-07,0.0,0.0,-4.89030942415465e-07
2.9702998746016395e-07,9.004698567213392,-2.606002131812671e-08,3.6133422524036926e-07,9.251023694307547e-08,0.0,0.0,-4.799044835015714e-07
2.982806400389436e-07,9.129763825091356,-2.6038111953548998e-08,3.6142271509055504e-07,8.313446170305736e-08,0.0,0.0,-4.705952887471614e-07
2.995312926177232e-07,9.254829082969316,-2.6016022319427546e-08,3.6151296590738555e-07,7.357472232888323e-08,0.0,0.0,-4.611037105556963e-07
3.0078194519650284e-07,9.379894340847281,-2.599390476821019e-08,3.6160497259937305e-07,6.383085962484632e-08,0.0,0.0,-4.5142973699242955e-07
3.020325977752825e-07,9.504959598725245,-2.5971637456663648e-08,3.616987366741664e-07,5.390253809210474e-08,0.0,0.0,-4.415729122229348e-07
3.0328325035406214e-07,9.63002485660321,-2.594929052876075e-08,3.6179426281417285e-07,4.379011157062761e-08,0.0,0.0,-4.315336649135612e-07
3.045339029328418e-07,9.755090114481176,-2.5926957810310834e-08,3.618915507210376e-07,3.349320928352786e-08,0.0,0.0,-4.2131171781487633e-07
3.057845555116214e-07,9.880155372359134,-2.5904467618986153e-08,3.619906046917632e-07,2.3011878392642512e-08,0.0,0.0,-4.1090695070339185e-07
3.0703520809040103e-07,10.0052206302371,-2.588191255460024e-08,3.6209143017614085e-07,1.2346145643359595e-08,0.0,0.0,-4.003194883741007e-07
3.082858606691807e-07,10.130285888115065,-2.5859372978199592e-08,3.6219402877185066e-07,1.495922308123694e-09,0.0,0.0,-3.8954932405817393e-07
3.0953651324796033e-07,10.255351145993028,-2.5836946650472187e-08,3.6229839823854694e-07,-9.53885812160425e-09,0.0,0.0,-3.785964867674149e-07
3.1078716582674e-07,10.380416403870994,-2.581452187958901e-08,3.6240453645779876e-07,-2.075840122107277e-08,0.0,0.0,-3.67460657116315e-07
3.1203781840551957e-07,10.505481661748954,-2.579210561926132e-08,3.625124487576909e-07,-3.216257035941161e-08,0.0,0.0,-3.5614198401754063e-07
3.132884709842992e-07,10.630546919626918,-2.5769764324569303e-08,3.6262213682612655e-07,-4.37514991759044e-08,0.0,0.0,-3.446404019747915e-07
3.1453912356307887e-07,10.755612177504883,-2.5747527322339293e-08,3.627336022135928e-07,-5.552524115350957e-08,0.0,0.0,-3.3295588838242256e-07
3.157897761418585e-07,10.880677435382848,-2.5724793272139898e-08,3.6284684599281916e-07,-6.748314078400161e-08,0.0,0.0,-3.2108849848095746e-07
3.1704042872063816e-07,11.005742693260812,-2.5702201513526286e-08,3.6296168760178075e-07,-7.96184195544297e-08,0.0,0.0,-3.090454695608773e-07
3.1829108129941776e-07,11.130807951138772,-2.5679460249866357e-08,3.6307643375405236e-07,-9.191659654465284e-08,0.0,0.0,-2.9683929745926586e-07
3.195417338781974e-07,11.255873209016737,-2.5656322159176157e-08,3.631853030829442e-07,-1.0435772786841835e-07,0.0,0.0,-2.84483897373702e-07
3.2079238645697706e-07,11.380938466894703,-2.563243061910689e-08,3.6327473606637903e-07,-1.1691172399190615e-07,0.0,0.0,-2.719954426935798e-07
3.220430390357567e-07,11.506003724772667,-2.5607261892086437e-08,3.6331786713083995e-07,-1.2953183086221206e-07,0.0,0.0,-2.5939329816071433e-07
3.232936916145363e-07,11.631068982650627,-2.5580062175061866e-08,3.6326617285135883e-07,-1.4214516423812168e-07,0.0,0.0,-2.46701070788299e-07
3.2454434419331595e-07,11.756134240528592,-2.554979465406903e-08,3.630371658988445e-07,-1.5463917118693244e-07,0.0,0.0,-2.339477893659811e-07
3.257949967720956e-07,11.881199498406556,-2.551513378493297e-08,3.624970741479885e-07,-1.6684300681685097e-07,0.0,0.0,-2.2116920111607051e-07
3.2704564935087525e-07,12.006264756284521,-2.5474578296560197e-08,3.614380674691878e-07,-1.7850350800058793e-07,0.0,0.0,-2.0840913776516008e-07
3.282963019296549e-07,12.131330014162486,-2.5426795403950175e-08,3.595513048698701e-07,-1.892572517033994e-07,0.0,0.0,-1.9572084857042088e-07
3.295469545084345e-07,12.256395272040445,-2.537133076241936e-08,3.564005157429501e-07,-1.9860372409144475e-07,0.0,0.0,-1.8316812241392473e-07
3.3079760708721414e-07,12.38146052991841,-2.5309761967074337e-08,3.51406364787218e-07,-2.058901979590316e-07,0.0,0.0,-1.7082592879526076e-07
3.320482596659938e-07,12.506525787796376,-2.5247148092872552e-08,3.438586626030016e-07,-2.103255963276853e-07,0.0,0.0,-1.5878021436818887e-07
3.3329891224477343e-07,12.63159104567434,-2.519317930325142e-08,3.329782451390264e-07,-2.1104499246316224e-07,0.0,0.0,-1.471264319791156e-07
3.345495648235531e-07,12.756656303552305,-2.5161899554976836e-08,3.1804646267829175e-07,-2.0724195468318974e-07,0.0,0.0,-1.3596640755007885e-07
3.358002174023327e-07,12.881721561430265,-2.516876416807468e-08,2.9859998885707987e-07,-1.9836542332443325e-07,0.0,0.0,-1.254033297007213e-07
3.3705086998111233e-07,13.006786819308228,-2.5224812235647976e-08,2.7465057306520476e-07,-1.8434036933223735e-07,0.0,0.0,-1.1553501596861538e-07
3.38301522559892e-07,13.131852077186194,-2.532999345497237e-08,2.468480392611203e-07,-1.657319023604327e-07,0.0,0.0,-1.0644613035565997e-07
3.395521751386716e-07,13.25691733506416,-2.5469736533929823e-08,2.164921251622671e-07,-1.4376131358059665e-07,0.0,0.0,-9.820054811560026e-08
3.4080282771745127e-07,13.381982592942123,-2.5618196376819846e-08,1.853430955754703e-07,-1.2012594670448984e-07,0.0,0.0,-9.08353452478003e-08
3.4205348029623087e-07,13.507047850820083,-2.5747529787060102e-08,1.5527346347247244e-07,-9.666327171065092e-08,0.0,0.0,-8.435772154888163e-08
3.433041328750105e-07,13.632113108698048,-2.5838074217341653e-08,1.2788759227183576e-07,-7.498014452536196e-08,0.0,0.0,-7.874552196381545e-08
3.4455478545379016e-07,13.757178366576012,-2.5883704919676862e-08,1.0425074889049963e-07,-5.618332699947519e-08,0.0,0.0,-7.39511268107013e-08
3.458054380325698e-07,13.882243624453977,-2.5890449598863043e-08,8.48046345339016e-08,-4.0787380988415976e-08,0.0,0.0,-6.990770314434867e-08
3.4705609061134946e-07,14.007308882331943,-2.5870859094072325e-08,6.945317812848625e-08,-2.8787601294028944e-08,0.0,0.0,-6.653643592852962e-08
3.4830674319012906e-07,14.132374140209903,-2.5838117172663693e-08,5.7741519836188104e-08,-1.9826188200554365e-08,0.0,0.0,-6.375344880829743e-08
3.495573957689087e-07,14.257439398087866,-2.5802409082934528e-08,4.9045173753443416e-08,-1.3372053838592407e-08,0.0,0.0,-6.147552899778554e-08
3.5080804834768835e-07,14.382504655965832,-2.5769874596656895e-08,4.2716818724818136e-08,-8.862431303973834e-09,0.0,0.0,-5.96242620175012e-08
3.52058700926468e-07,14.507569913843797,-2.5743213052245025e-08,3.817467972717218e-08,-5.7893074438829085e-09,0.0,0.0,-5.81285853355343e-08
3.5330935350524765e-07,14.63263517172176,-2.5722867328789754e-08,3.494057935211663e-08,-3.737433435636439e-09,0.0,0.0,-5.692601324526994e-08
3.5456000608402725e-07,14.757700429599721,-2.570811392051855e-08,3.264464578420903e-08,-2.389881037904633e-09,0.0,0.0,-5.5962878666822946e-08
3.558106586628069e-07,14.882765687477686,-2.569781257006295e-08,3.101266517119137e-08,-1.516548763035662e-09,0.0,0.0,-5.519392897821866e-08
3.5706131124158654e-07,15.00783094535565,-2.569082211235683e-08,2.984724204304749e-08,-9.565110631869472e-10,0.0,0.0,-5.4581553092217375e-08
3.583119638203662e-07,15.132896203233615,-2.56861805841402e-08,2.9009043789630016e-08,-6.003817720171446e-10,0.0,0.0,-5.409484260175307e-08
3.5956261639914584e-07,15.25796146111158,-2.5683149831292872e-08,2.84008876140757e-08,-3.7541594968048053e-10,0.0,0.0,-5.370862149568809e-08
3.6081326897792543e-07,15.383026718989539,-2.5681196240224016e-08,2.795537464957787e-08,-2.3404590067200134e-10,0.0,0.0,-5.340252498912988e-08
3.620639215567051e-07,15.508091976867505,-2.5679949489088556e-08,2.762579117431086e-08,-1.4557118006126842e-10,0.0,0.0,-5.316016948333815e-08
3.6331457413548473e-07,15.63315723474547,-2.567915996409913e-08,2.7379647794997656e-08,-9.037745191143345e-11,0.0,0.0,-5.296843030718535e-08
3.645652267142644e-07,15.758222492623434,-2.5678662974705237e-08,2.719419699609697e-08,-5.603150211445813e-11,0.0,0.0,-5.281682846868775e-08
3.6581587929304403e-07,15.883287750501399,-2.5678351581722584e-08,2.7053367709905915e-08,-3.4700158723289385e-11,0.0,0.0,-5.269701913290521e-08
3.670665318718236e-07,16.00835300837936,-2.5678157177582145e-08,2.694568508957156e-08,-2.1471745204988265e-11,0.0,0.0,-5.260237052194872e-08
3.6831718445060327e-07,16.133418266257323,-2.567803614825259e-08,2.6862862299877883e-08,-1.3277794436448743e-11,0.0,0.0,-5.252762065369402e-08
3.695678370293829e-07,16.25848352413529,-2.5677960961843046e-08,2.6798845466706397e-08,-8.206814601183164e-12,0.0,0.0,-5.246859961394826e-08
3.7081848960816257e-07,16.383548782013253,-2.5677914331781703e-08,2.6749162476689813e-08,-5.070678593042906e-12,0.0,0.0,-5.242200612987847e-08
3.720691421869422e-07,16.508614039891217,-2.5677885449100028e-08,2.671047530669169e-08,-3.1321422828868926e-12,0.0,0.0,-5.238522861350883e-08
3.733197947657218e-07,16.633679297769177,-2.567786757665358e-08,2.6680269070684424e-08,-1.9343405107655613e-12,0.0,0.0,-5.235620230682724e-08
3.7457044734450146e-07,16.75874455564714,-2.567785652552623e-08,2.6656633460475764e-08,-1.1944430147467862e-12,0.0,0.0,-5.233329554298725e-08
3.758210999232811e-07,16.883809813525108,-2.567784969610484e-08,2.6638107170682795e-08,-7.37493963737475e-13,0.0,0.0,-5.23152193728239e-08
3.7707175250206076e-07,17.00887507140307,-2.5677845477414276e-08,2.662356572344098e-08,-4.553309279919507e-13,0.0,0.0,-5.2300955869927264e-08
3.783224050808404e-07,17.133940329281035,-2.5677842872245362e-08,2.6612139564702733e-08,-2.811144663528694e-13,0.0,0.0,-5.228970132248174e-08
3.7957305765962e-07,17.259005587158995,-2.567784126383635e-08,2.6603153553977047e-08,-1.7355441368829662e-13,0.0,0.0,-5.228082126339971e-08
3.8082371023839965e-07,17.384070845036963,-2.5677840270972724e-08,2.65960817779498e-08,-1.0714984018695588e-13,0.0,0.0,-5.227381489908234e-08
3.820743628171793e-07,17.509136102914926,-2.5677839658145148e-08,2.659051348449152e-08,-6.615400433002719e-14,0.0,0.0,-5.226828698863234e-08
3.8332501539595895e-07,17.63420136079289,-2.5677839279911174e-08,2.658612718679205e-08,-4.084449837631677e-14,0.0,0.0,-5.226392562220485e-08
3.845756679747386e-07,17.759266618670857,-2.567783904647468e-08,2.6582670840033124e-08,-2.521894449595445e-14,0.0,0.0,-5.226048466756331e-08
3.858263205535182e-07,17.884331876548814,-2.567783890240566e-08,2.6579946578082844e-08,-1.5571788248655436e-14,0.0,0.0,-5.2257769908700254e-08
3.8707697313229784e-07,18.00939713442678,-2.567783881349142e-08,2.6577798903652613e-08,-9.615460108347124e-15,0.0,0.0,-5.2255628101683925e-08
3.883276257110775e-07,18.134462392304744,-2.5677838758616566e-08,2.6576105513867297e-08,-5.937764435492789e-15,0.0,0.0,-5.225393833471943e-08
3.8957827828985714e-07,18.25952765018271,-2.5677838724749634e-08,2.6574770150622328e-08,-3.666892515646385e-15,0.0,0.0,-5.2252605208479446e-08
3.908289308686368e-07,18.384592908060675,-2.5677838703848014e-08,2.657371701498129e-08,-2.2646260327362502e-15,0.0,0.0,-5.225155345420327e-08
3.920795834474164e-07,18.509658165938635,-2.567783869094792e-08,2.657288639471512e-08,-1.3986804130482603e-15,0.0,0.0,-5.225072368698263e-08
3.9333023602619603e-07,18.6347234238166,-2.5677838682985894e-08,2.657223123543939e-08,-8.63902271429835e-16,0.0,0.0,-5.2250069054523015e-08
3.945808886049757e-07,18.759788681694562,-2.5677838678071283e-08,2.6571714448065033e-08,-5.336237563395176e-16,0.0,0.0,-5.224955259251256e-08
3.958315411837553e-07,18.88485393957253,-2.5677838675037267e-08,2.65713067926907e-08,-3.2963266091350794e-16,0.0,0.0,-5.2249145138095305e-08
3.9708219376253497e-07,19.009919197450493,-2.5677838673163826e-08,2.657098521400481e-08,-2.0363378403938532e-16,0.0,0.0,-5.224882368353485e-08
3.9833284634131457e-07,19.134984455328453,-2.5677838672006666e-08,2.657073153090579e-08,-1.2580378131350646e-16,0.0,0.0,-5.2248570077108674e-08
3.995834989200942e-07,19.260049713206417,-2.5677838671291625e-08,2.657053140481627e-08,-7.772510776860169e-17,0.0,0.0,-5.224836999838279e-08
4.0083415149887386e-07,19.385114971084384,-2.5677838670849553e-08,2.6570373526927883e-08,-4.802329896220967e-17,0.0,0.0,-5.2248212149754135e-08
4.020848040776535e-07,19.510180228962348,-2.567783867057607e-08,2.6570248977357336e-08,-2.967321464980198e-17,0.0,0.0,-5.224808761826019e-08
4.033354566564331e-07,19.635245486840308,-2.5677838670406793e-08,2.657015071980938e-08,-1.8335722114964128e-17,0.0,0.0,-5.224798937188045e-08
4.0458610923521276e-07,19.76031074471827,-2.567783867030192e-08,2.6570073203434215e-08,-1.1330558470884629e-17,0.0,0.0,-5.2247911862405577e-08
4.058367618139924e-07,19.885376002596235,-2.567783867023695e-08,2.6570012049453826e-08,-7.00202887028894e-18,0.0,0.0,-5.224785071268875e-08
4.0708741439277205e-07,20.010441260474202,-2.5677838670196673e-08,2.6569963803921158e-08,-4.327284476131532e-18,0.0,0.0,-5.224780246979055e-08
4.083380669715517e-07,20.135506518352166,-2.5677838670171675e-08,2.6569925742053032e-08,-2.6743940833773245e-18,0.0,0.0,-5.224776440955031e-08
4.095887195503313e-07,20.260571776230126,-2.567783867015617e-08,2.6569895714091347e-08,-1.6529244933225494e-18,0.0,0.0,-5.224773438259459e-08
4.1083937212911095e-07,20.38563703410809,-2.567783867014653e-08,2.6569872024238855e-08,-1.0216390834203658e-18,0.0,0.0,-5.2247710693363746e-08
4.120900247078906e-07,20.510702291986057,-2.567783867014054e-08,2.6569853334758163e-08,-6.3147721656890405e-19,0.0,0.0,-5.2247692004267226e-08
4.1334067728667024e-07,20.63576754986402,-2.567783867013679e-08,2.656983858988184e-08,-3.903294197627486e-19,0.0,0.0,-5.22476772596283e-08
4.145913298654499e-07,20.760832807741984,-2.5677838670134475e-08,2.6569826956326392e-08,-2.41275585376213e-19,0.0,0.0,-5.224766562621959e-08
4.158419824442295e-07,20.885898065619944,-2.5677838670133013e-08,2.6569817776811372e-08,-1.4914187096283145e-19,0.0,0.0,-5.2247656446795244e-08
4.1709263502300913e-07,21.01096332349791,-2.5677838670132093e-08,2.6569810532737168e-08,-9.219181728809577e-20,0.0,0.0,-5.224764920277707e-08
4.183432876017888e-07,21.136028581375875,-2.5677838670131537e-08,2.6569804814437815e-08,-5.699078165967277e-20,0.0,0.0,-5.224764348451236e-08
4.1959394018056843e-07,21.26109383925384,-2.567783867013118e-08,2.6569800298491057e-08,-3.5234458782850045e-20,0.0,0.0,-5.2247638968587e-08
4.208445927593481e-07,21.386159097131806,-2.567783867013097e-08,2.6569796729938315e-08,-2.178880426022094e-20,0.0,0.0,-5.22476354000475e-08
4.220952453381277e-07,21.511224355009762,-2.5677838670130845e-08,2.656979390753235e-08,-1.3479223377669363e-20,0.0,0.0,-5.2247632577649717e-08
4.233458979169073e-07,21.63628961288773,-2.5677838670130753e-08,2.6569791671926926e-08,-8.343701368638293e-21,0.0,0.0,-5.2247630342049335e-08
4.2459655049568697e-07,21.761354870765693,-2.5677838670130707e-08,2.6569789896856637e-08,-5.1698440372022396e-21,0.0,0.0,-5.2247628566982176e-08
4.258472030744666e-07,21.886420128643657,-2.567783867013068e-08,2.656978848226233e-08,-3.2081354264952038e-21,0.0,0.0,-5.22476271523898e-08
4.2709785565324627e-07,22.011485386521624,-2.5677838670130657e-08,2.6569787348302993e-08,-1.9953373064625806e-21,0.0,0.0,-5.2247626018431654e-08
4.2834850823202586e-07,22.136550644399584,-2.5677838670130654e-08,2.6569786430681066e-08,-1.245156200582155e-21,0.0,0.0,-5.2247625100810475e-08
4.295991608108055e-07,22.261615902277548,-2.567783867013064e-08,2.6569785677472396e-08,-7.807630704212384e-22,0.0,0.0,-5.2247624347602256e-08
4.3084981338958516e-07,22.38668116015551,-2.5677838670130634e-08,2.6569785046379564e-08,-4.931449012633038e-22,0.0,0.0,-5.2247623716509704e-08
4.321004659683648e-07,22.51174641803348,-2.567783867013063e-08,2.656978450201779e-08,-3.151168033258452e-22,0.0,0.0,-5.2247623172148106e-08
4.3335111854714446e-07,22.636811675911442,-2.567783867013062e-08,2.65697840138552e-08,-2.0538442942710456e-22,0.0,0.0,-5.2247622683985614e-08
4.3460177112592405e-07,22.761876933789402,-2.567783867013062e-08,2.65697835547394e-08,-1.387263766000178e-22,0.0,0.0,-5.224762222486988e-08
4.358524237047037e-07,22.886942191667366,-2.5677838670130624e-08,2.6569783099324992e-08,-9.992531810969326e-23,0.0,0.0,-5.2247621769455516e-08
4.3710307628348335e-07,23.01200744954533,-2.567783867013062e-08,2.6569782622362847e-08,-8.027594888065592e-23,0.0,0.0,-5.224762129249339e-08
4.38353728862263e-07,23.137072707423297,-2.5677838670130614e-08,2.6569782097114265e-08,-7.546822506474344e-23,0.0,0.0,-5.22476207672448e-08
4.3960438144104265e-07,23.26213796530126,-2.5677838670130614e-08,2.6569781493961172e-08,-8.449568554414845e-23,0.0,0.0,-5.22476201640917e-08
4.4085503401982224e-07,23.38720322317922,-2.5677838670130614e-08,2.6569780778833684e-08,-1.094419803733376e-22,0.0,0.0,-5.224761944896419e-08
4.421056865986019e-07,23.512268481057184,-2.5677838670130614e-08,2.656977991110383e-08,-1.5608443271985885e-22,0.0,0.0,-5.224761858123429e-08
4.4335633917738154e-07,23.63733373893515,-2.5677838670130617e-08,2.656977884121229e-08,-2.3517288377292335e-22,0.0,0.0,-5.224761751134267e-08
4.446069917561612e-07,23.762398996813115,-2.567783867013062e-08,2.6569777508080257e-08,-3.6490271013861185e-22,0.0,0.0,-5.2247616178210513e-08
4.4585764433494084e-07,23.887464254691082,-2.5677838670130637e-08,2.656977583583375e-08,-5.75069628978823e-22,0.0,0.0,-5.224761450596381e-08
4.4710829691372043e-07,24.012529512569035,-2.567783867013064e-08,2.656977372951229e-08,-9.13924341994251e-22,0.0,0.0,-5.224761239964202e-08
4.483589494925001e-07,24.137594770447002,-2.5677838670130664e-08,2.6569771069754e-08,-1.4591029841494573e-21,0.0,0.0,-5.2247609739883203e-08
4.4960960207127973e-07,24.262660028324966,-2.567783867013068e-08,2.6569767706195906e-08,-2.3353294684650746e-21,0.0,0.0,-5.224760637632425e-08
4.508602546500594e-07,24.38772528620293,-2.5677838670130716e-08,2.6569763449010074e-08,-3.743020473013506e-21,0.0,0.0,-5.224760211913705e-08
4.52110907228839e-07,24.512790544080897,-2.567783867013076e-08,2.6569758058018605e-08,-6.004471965178207e-21,0.0,0.0,-5.224759672814336e-08
4.533615598076186e-07,24.63785580195886,-2.5677838670130826e-08,2.6569751228905088e-08,-9.637872256829241e-21,0.0,0.0,-5.2247589899026275e-08
4.5461221238639827e-07,24.762921059836824,-2.5677838670130935e-08,2.6569742575935066e-08,-1.5475818852156144e-20,0.0,0.0,-5.2247581246050526e-08
4.558628649651779e-07,24.88798631771479,-2.56778386701311e-08,2.6569731610395572e-08,-2.4855586016566372e-20,0.0,0.0,-5.224757028050182e-08
4.5711351754395757e-07,25.013051575592755,-2.567783867013135e-08,2.656971771305989e-08,-3.99258351546983e-20,0.0,0.0,-5.2247556383151314e-08
4.583641701227372e-07,25.138116833470722,-2.5677838670131736e-08,2.6569700099092806e-08,-6.413862489946824e-20,0.0,0.0,-5.22475387691604e-08
4.596148227015168e-07,25.263182091348675,-2.5677838670132344e-08,2.6569677773883005e-08,-1.030394416347691e-19,0.0,0.0,-5.224751644391231e-08
4.6086547528029646e-07,25.38824734922664,-2.5677838670133304e-08,2.6569649476903752e-08,-1.6553713642389703e-19,0.0,0.0,-5.224748814687152e-08
4.621161278590761e-07,25.513312607104606,-2.5677838670134786e-08,2.6569613610584955e-08,-2.6594397384557285e-19,0.0,0.0,-5.2247452280453796e-08
4.6336678043785575e-07,25.63837786498257,-2.5677838670137152e-08,2.6569568150086278e-08,-4.2725512910036006e-19,0.0,0.0,-5.2247406819796174e-08
4.646174330166354e-07,25.763443122860533,-2.567783867014089e-08,2.6569510528789055e-08,-6.864175074629579e-19,0.0,0.0,-5.224734919824353e-08
4.65868085595415e-07,25.8885083807385,-2.567783867014685e-08,2.656943749327595e-08,-1.1027942458980286e-18,0.0,0.0,-5.224727616232001e-08
4.6711873817419465e-07,26.013573638616464,-2.5677838670156356e-08,2.6569344919562087e-08,-1.7717637891732984e-18,0.0,0.0,-5.224718358794668e-08
4.683693907529743e-07,26.138638896494427,-2.5677838670171566e-08,2.6569227580222996e-08,-2.8465684606384546e-18,0.0,0.0,-5.224706624754799e-08
4.6962004333175394e-07,26.263704154372395,-2.567783867019591e-08,2.6569078849262417e-08,-4.573416672466106e-18,0.0,0.0,-5.224691751488491e-08
4.708706959105336e-07,26.388769412250358,-2.5677838670234935e-08,2.6568890328047098e-08,-7.347885110676344e-18,0.0,0.0,-5.224672899093415e-08
4.721213484893132e-07,26.51383467012831,-2.567783867029751e-08,2.6568651371011028e-08,-1.180553810242131e-17,0.0,0.0,-5.2246490029503e-08
4.7337200106809284e-07,26.63889992800628,-2.5677838670397886e-08,2.6568348484631133e-08,-1.896751542345181e-17,0.0,0.0,-5.22461871360615e-08
4.746226536468725e-07,26.763965185884242,-2.5677838670558954e-08,2.656796456565584e-08,-3.047444558213691e-17,0.0,0.0,-5.224580320574035e-08
4.7587330622565213e-07,26.889030443762206,-2.567783867081748e-08,2.6567477935588887e-08,-4.8962276339409724e-17,0.0,0.0,-5.224531655744409e-08
4.771239588044318e-07,27.014095701640173,-2.5677838671232534e-08,2.6566861116852398e-08,-7.866611110794437e-17,0.0,0.0,-5.224469970941882e-08
4.783746113832114e-07,27.139160959518136,-2.567783867189893e-08,2.6566079281805727e-08,-1.2639034307234748e-16,0.0,0.0,-5.2243917827314316e-08
4.796252639619911e-07,27.2642262173961,-2.5677838672968988e-08,2.656508828728075e-08,-2.0306735720064143e-16,0.0,0.0,-5.224292675718238e-08
4.808759165407706e-07,27.389291475274057,-2.5677838674687423e-08,2.6563832183566388e-08,-3.262619113980796e-16,0.0,0.0,-5.22416705319919e-08
4.821265691195503e-07,27.51435673315202,-2.5677838677447334e-08,2.6562240057664673e-08,-5.241948461751935e-16,0.0,0.0,-5.224007821091716e-08
4.833772216983299e-07,27.639421991029984,-2.5677838681880228e-08,2.6560222033416587e-08,-8.422078332487521e-16,0.0,0.0,-5.223805987308898e-08
4.846278742771096e-07,27.76448724890795,-2.567783868900059e-08,2.6557664203709376e-08,-1.353150260800902e-15,0.0,0.0,-5.2235501539559705e-08
4.858785268558892e-07,27.889552506785915,-2.56778387004383e-08,2.6554422209981588e-08,-2.1740678772742535e-15,0.0,0.0,-5.223225873635201e-08
4.871291794346689e-07,28.01461776466388,-2.5677838718812046e-08,2.655031310935339e-08,-3.4930165038100222e-15,0.0,0.0,-5.222814833514893e-08
4.883798320134485e-07,28.139683022541846,-2.5677838748329093e-08,2.6545105074468166e-08,-5.612143805764675e-15,0.0,0.0,-5.222293821065345e-08
4.896304845922282e-07,28.26474828041981,-2.567783879574905e-08,2.6538504351788577e-08,-9.016910029565723e-15,0.0,0.0,-5.22163341306276e-08
4.908811371710078e-07,28.389813538297773,-2.5677838871933087e-08,2.6530138752703617e-08,-1.4487308664355278e-14,0.0,0.0,-5.220796313732804e-08
4.921317897497875e-07,28.51487879617574,-2.567783899433249e-08,2.6519536763530808e-08,-2.32765715334993e-14,0.0,0.0,-5.2197352481291764e-08
4.93382442328567e-07,28.639944054053693,-2.5677839190987763e-08,2.650610112456807e-08,-3.7398311040988744e-14,0.0,0.0,-5.218390291724479e-08
4.946330949073466e-07,28.765009311931657,-2.5677839506956192e-08,2.648907543274669e-08,-6.008791004245423e-14,0.0,0.0,-5.216685485179284e-08
4.958837474861263e-07,28.890074569809624,-2.5677840014641413e-08,2.6467501957712452e-08,-9.654391723000911e-14,0.0,0.0,-5.2145245428436633e-08
4.971344000649059e-07,29.015139827687587,-2.5677840830395207e-08,2.6440168411105917e-08,-1.551194180117068e-13,0.0,0.0,-5.2117854122083114e-08
4.983850526436856e-07,29.14020508556555,-2.5677842141204878e-08,2.6405540858601158e-08,-2.492365716892662e-13,0.0,0.0,-5.2083133763234347e-08
4.996357052224652e-07,29.265270343443518,-2.5677844247597514e-08,2.6361679300563092e-08,-4.0046345261023155e-13,0.0,0.0,-5.2039123084707996e-08
5.008863578012449e-07,29.390335601321482,-2.5677847632625844e-08,2.6306131659827813e-08,-6.434591755245602e-13,0.0,0.0,-5.198333583327813e-08
5.021370103800245e-07,29.515400859199445,-2.5677853072813476e-08,2.6235801003204045e-08,-1.0339224631853649e-12,0.0,0.0,-5.1912620153554336e-08
5.033876629588042e-07,29.640466117077413,-2.5677861816629565e-08,2.614677980668003e-08,-1.6613692785449084e-12,0.0,0.0,-5.182298025403105e-08
5.046383155375838e-07,29.765531374955376,-2.567787587169441e-08,2.6034144009727587e-08,-2.669676360055993e-12,0.0,0.0,-5.170935020506194e-08
5.058889681163634e-07,29.89059663283333,-2.567789846714371e-08,2.589169861666557e-08,-4.290116652651056e-12,0.0,0.0,-5.156530696715663e-08
5.07139620695143e-07,30.015661890711296,-2.5677934798373567e-08,2.571166593563392e-08,-6.89449498564062e-12,0.0,0.0,-5.138270623902185e-08
5.083902732739227e-07,30.14072714858926,-2.567799322744803e-08,2.548430764288488e-08,-1.1080639207349887e-11,0.0,0.0,-5.115122023112556e-08
5.096409258527023e-07,30.265792406467224,-2.5678087219603778e-08,2.5197473512063173e-08,-1.7810000274224908e-11,0.0,0.0,-5.0857750731392725e-08
5.10891578431482e-07,30.39085766434519,-2.5678238470583755e-08,2.4836074221949494e-08,-2.8629228115120383e-11,0.0,0.0,-5.048568346441813e-08
5.121422310102616e-07,30.515922922223155,-2.567848196395913e-08,2.4381485486331065e-08,-4.60271871747732e-11,0.0,0.0,-5.001394026311542e-08
5.133928835890413e-07,30.64098818010112,-2.5678874163516108e-08,2.3810909790083304e-08,-7.401063752890183e-11,0.0,0.0,-4.941577331607051e-08
5.146435361678209e-07,30.766053437979085,-2.567950631272816e-08,2.30967569290115e-08,-1.19033403334397e-10,0.0,0.0,-4.865722983840526e-08
5.158941887466006e-07,30.89111869585705,-2.707178072409943e-08,2.220616654673869e-08,-1.6033845239877705e-10,0.0,-1.4224140939730635e-09,-4.769519472446628e-08
5.171448413253802e-07,31.016183953735016,-2.0589617908254148e-08,2.1267088022965124e-08,-1.8458663449412884e-10,1.6335198389966733e-08,-1.252395857863559e-08,-4.548335910805629e-08
